Workbook

Sheet Nhập kho  입2
D1: =SUM(D5:D266) -> 45720 | E1: 7
A2: ERP Code | B2: 모델명 Model | C2: TỒN ĐẦU KỲ | D2: TT In WH | F2: =SUM(F5:F274) -> 0 | G2: =SUM(G5:G274) -> 0 | H2: =SUM(H5:H274) -> 0 | I2: =SUM(I5:I274) -> 0 | J2: =SUM(J5:J274) -> 28040 | K2: =SUM(K5:K274) -> 0 | L2: =SUM(L5:L274) -> 25480 | M2: =SUM(M5:M274) -> 0 | ... BN2: =SUM(BN5:BN274) -> 0
E3: =DATE(2026,$E$1,1) -> 46204 | G3: =+E3+1 -> 46205 | I3: =+G3+1 -> 46206 | K3: =+I3+1 -> 46207 | M3: =+K3+1 -> 46208 | O3: =+M3+1 -> 46209 | Q3: =+O3+1 -> 46210 | S3: =+Q3+1 -> 46211 | U3: =+S3+1 -> 46212 | W3: =+U3+1 -> 46213 | Y3: =+W3+1 -> 46214 | AA3: =+Y3+1 -> 46215 | AC3: =+AA3+1 -> 46216 | AE3: =+AC3+1 -> 46217 | AG3: =+AE3+1 -> 46218 | AI3: =+AG3+1 -> 46219 | AK3: =+AI3+1 -> 46220 | AM3: =+AK3+1 -> 46221 | AO3: =+AM3+1 -> 46222 | AQ3: =+AO3+1 -> 46223 | AS3: =+AQ3+1 -> 46224 | AU3: =+AS3+1 -> 46225 | AW3: =+AU3+1 -> 46226 | AY3: =+AW3+1 -> 46227 | BA3: =+AY3+1 -> 46228 | BC3: =+BA3+1 -> 46229 | BE3: =+BC3+1 -> 46230 | BG3: =+BE3+1 -> 46231 | BI3: =+BG3+1 -> 46232 | BK3: =+BI3+1 -> 46233 | BM3: =+BK3+1 -> 46234 | BO3: TT Produc
E4: Produc | F4: wh | G4: Produc | H4: wh | I4: Produc | J4: wh | K4: Produc | L4: wh | M4: Produc | N4: wh | O4: Produc | P4: wh | Q4: Produc | R4: wh | S4: Produc | T4: wh | U4: Produc | V4: wh | W4: Produc | X4: wh | Y4: Produc | Z4: wh | AA4: Produc | AB4: wh | AC4: Produc | AD4: wh | AE4: Produc | AF4: wh | AG4: Produc | AH4: wh | AI4: Produc | AJ4: wh | AK4: Produc | AL4: wh | AM4: Produc | AN4: wh | AO4: Produc | AP4: wh | AQ4: Produc | AR4: wh | AS4: Produc | AT4: wh | AU4: Produc | AV4: wh | AW4: Produc | AX4: wh | AY4: Produc | AZ4: wh | BA4: Produc | BB4: wh | BC4: Produc | BD4: wh | BE4: Produc | BF4: wh | BG4: Produc | BH4: wh | BI4: Produc | BJ4: wh | BK4: Produc | BL4: wh | BM4: Produc | BN4: wh
A5: TR354631 | B5: KS-880854 | D5: =SUMIF($E$4:BN$4,$F$4,E5:BN5) -> 0 | BO5: =SUMIF(E4:$BN$4,$E$4,E5:BN5) -> 0 | BP5: =+VLOOKUP(A5,'Tổng,SUMMARY'!C:K,8,0) -> 1300 | BQ5: =+D5-BP5 -> -1300
A6: TR355517 | B6: KS-870953 | D6: =SUMIF($E$4:BN$4,$F$4,E6:BN6) -> 0 | BO6: =SUMIF(E$4:$BN5,$E$4,E6:BN6) -> 0 | BP6: =+VLOOKUP(A6,'Tổng,SUMMARY'!C:K,8,0) -> 950 | BQ6: =+D6-BP6 -> -950
A7: TR352805 | B7: KS-86025 | D7: =SUMIF($E$4:BN$4,$F$4,E7:BN7) -> 0 | BO7: =SUMIF(E$4:$BN6,$E$4,E7:BN7) -> 0 | BP7: =+VLOOKUP(A7,'Tổng,SUMMARY'!C:K,8,0) -> 1500 | BQ7: =+D7-BP7 -> -1500
A8: TR355201 | B8: KS-881058 | D8: =SUMIF($E$4:BN$4,$F$4,E8:BN8) -> 0 | BO8: =SUMIF(E$4:$BN7,$E$4,E8:BN8) -> 0 | BP8: =+VLOOKUP(A8,'Tổng,SUMMARY'!C:K,8,0) -> 1800 | BQ8: =+D8-BP8 -> -1800
A9: TR355324 | B9: KS-881058 | D9: =SUMIF($E$4:BN$4,$F$4,E9:BN9) -> 0 | BO9: =SUMIF(E$4:$BN8,$E$4,E9:BN9) -> 0 | BP9: =+VLOOKUP(A9,'Tổng,SUMMARY'!C:K,8,0) -> 0 | BQ9: =+D9-BP9 -> 0
A10: TR356580 | B10: KS-881515 | D10: =SUMIF($E$4:BN$4,$F$4,E10:BN10) -> 0 | BO10: =SUMIF(E$4:$BN9,$E$4,E10:BN10) -> 0 | BP10: =+VLOOKUP(A10,'Tổng,SUMMARY'!C:K,8,0) -> 850 | BQ10: =+D10-BP10 -> -850
A11: TR354796 | B11: KS-880355 | D11: =SUMIF($E$4:BN$4,$F$4,E11:BN11) -> 0 | BO11: =SUMIF(E$4:$BN10,$E$4,E11:BN11) -> 0 | BP11: =+VLOOKUP(A11,'Tổng,SUMMARY'!C:K,8,0) -> 400 | BQ11: =+D11-BP11 -> -400
A12: TR352133 | B12: KS-880355 | D12: =SUMIF($E$4:BN$4,$F$4,E12:BN12) -> 0 | BO12: =SUMIF(E$4:$BN11,$E$4,E12:BN12) -> 0 | BP12: =+VLOOKUP(A12,'Tổng,SUMMARY'!C:K,8,0) -> 0 | BQ12: =+D12-BP12 -> 0
A13: TR355056 | B13: KS-870827 | D13: =SUMIF($E$4:BN$4,$F$4,E13:BN13) -> 0 | BO13: =SUMIF(E$4:$BN12,$E$4,E13:BN13) -> 0 | BP13: =+VLOOKUP(A13,'Tổng,SUMMARY'!C:K,8,0) -> 300 | BQ13: =+D13-BP13 -> -300
A14: TR355708 | B14: KS-880827 | D14: =SUMIF($E$4:BN$4,$F$4,E14:BN14) -> 0 | BO14: =SUMIF(E$4:$BN13,$E$4,E14:BN14) -> 0 | BP14: =+VLOOKUP(A14,'Tổng,SUMMARY'!C:K,8,0) -> 50 | BQ14: =+D14-BP14 -> -50
A15: TR354801 | B15: KS-880545 | D15: =SUMIF($E$4:BN$4,$F$4,E15:BN15) -> 0 | BO15: =SUMIF(E$4:$BN14,$E$4,E15:BN15) -> 0 | BP15: =+VLOOKUP(A15,'Tổng,SUMMARY'!C:K,8,0) -> 0 | BQ15: =+D15-BP15 -> 0
A16: TR353236 | B16: KS-880545 | D16: =SUMIF($E$4:BN$4,$F$4,E16:BN16) -> 0 | BO16: =SUMIF(E$4:$BN15,$E$4,E16:BN16) -> 0 | BP16: =+VLOOKUP(A16,'Tổng,SUMMARY'!C:K,8,0) -> 0 | BQ16: =+D16-BP16 -> 0
A17: TR353611 | B17: KS-880616 | D17: =SUMIF($E$4:BN$4,$F$4,E17:BN17) -> 0 | BO17: =SUMIF(E$4:$BN16,$E$4,E17:BN17) -> 0 | BP17: =+VLOOKUP(A17,'Tổng,SUMMARY'!C:K,8,0) -> 200 | BQ17: =+D17-BP17 -> -200
... A19: TR354840 | B19: KS-89045 | D19: =SUMIF($E$4:BN$4,$F$4,E19:BN19) -> 0 | BO19: =SUMIF(E$4:$BN18,$E$4,E19:BN19) -> 0 | BP19: =+VLOOKUP(A19,'Tổng,SUMMARY'!C:K,8,0) -> 0 | BQ19: =+D19-BP19 -> 0
A20: TR355240 | B20: KS-89045 | D20: =SUMIF($E$4:BN$4,$F$4,E20:BN20) -> 0
A21: TR353452 | B21: KS-89045 | D21: =SUMIF($E$4:BN$4,$F$4,E21:BN21) -> 0 | BO21: =SUMIF(E$4:$BN19,$E$4,E21:BN21) -> 0 | BP21: =+VLOOKUP(A21,'Tổng,SUMMARY'!C:K,8,0) -> #N/A | BQ21: =+D21-BP21 -> #N/A
A22: TR354300 | B22: KS-880754 | D22: =SUMIF($E$4:BN$4,$F$4,E22:BN22) -> 0 | BO22: =SUMIF(E$4:$BN21,$E$4,E22:BN22) -> 0 | BP22: =+VLOOKUP(A22,'Tổng,SUMMARY'!C:K,8,0) -> 0 | BQ22: =+D22-BP22 -> 0
A23: TR354812 | B23: KS-880793 | D23: =SUMIF($E$4:BN$4,$F$4,E23:BN23) -> 0 | BO23: =SUMIF(E$4:$BN22,$E$4,E23:BN23) -> 0 | BP23: =+VLOOKUP(A23,'Tổng,SUMMARY'!C:K,8,0) -> 100 | BQ23: =+D23-BP23 -> -100
A24: TR354467 | B24: KS-880793 | D24: =SUMIF($E$4:BN$4,$F$4,E24:BN24) -> 0 | BO24: =SUMIF(E$4:$BN23,$E$4,E24:BN24) -> 0 | BP24: =+VLOOKUP(A24,'Tổng,SUMMARY'!C:K,8,0) -> 0 | BQ24: =+D24-BP24 -> 0
A25: TR352138 | B25: KS-874157 | D25: =SUMIF($E$4:BN$4,$F$4,E25:BN25) -> 0 | BO25: =SUMIF(E$4:$BN24,$E$4,E25:BN25) -> 0 | BP25: =+VLOOKUP(A25,'Tổng,SUMMARY'!C:K,8,0) -> 0 | BQ25: =+D25-BP25 -> 0
A26: TR351474 | B26: KS-874157 | D26: =SUMIF($E$4:BN$4,$F$4,E26:BN26) -> 0 | BO26: =SUMIF(E$4:$BN25,$E$4,E26:BN26) -> 0 | BP26: =+VLOOKUP(A26,'Tổng,SUMMARY'!C:K,8,0) -> 650 | BQ26: =+D26-BP26 -> -650
A27: TR354395 | B27: KS-880760 | D27: =SUMIF($E$4:BN$4,$F$4,E27:BN27) -> 0 | BO27: =SUMIF(E$4:$BN26,$E$4,E27:BN27) -> 0 | BP27: =+VLOOKUP(A27,'Tổng,SUMMARY'!C:K,8,0) -> 2500 | BQ27: =+D27-BP27 -> -2500
A28: TR352974 | B28: KS-8605 | D28: =SUMIF($E$4:BN$4,$F$4,E28:BN28) -> 0 | L28: =3600+(-3600) -> 0 | BO28: =SUMIF(E$4:$BN27,$E$4,E28:BN28) -> 0 | BP28: =+VLOOKUP(A28,'Tổng,SUMMARY'!C:K,8,0) -> 750 | BQ28: =+D28-BP28 -> -750
A29: TR350031 | B29: KS-8605 | D29: =SUMIF($E$4:BN$4,$F$4,E29:BN29) -> 0 | BO29: =SUMIF(E$4:$BN28,$E$4,E29:BN29) -> 0 | BP29: =+VLOOKUP(A29,'Tổng,SUMMARY'!C:K,8,0) -> 1750 | BQ29: =+D29-BP29 -> -1750
A30: TR352561 | B30: KS-8303 | D30: =SUMIF($E$4:BN$4,$F$4,E30:BN30) -> 0 | BO30: =SUMIF(E$4:$BN29,$E$4,E30:BN30) -> 0 | BP30: =+VLOOKUP(A30,'Tổng,SUMMARY'!C:K,8,0) -> 0 | BQ30: =+D30-BP30 -> 0
A31: TR300016 | B31: KS-8303 | D31: =SUMIF($E$4:BN$4,$F$4,E31:BN31) -> 0 | BO31: =SUMIF(E$4:$BN30,$E$4,E31:BN31) -> 0 | BP31: =+VLOOKUP(A31,'Tổng,SUMMARY'!C:K,8,0) -> 0 | BQ31: =+D31-BP31 -> 0
A32: TR353886 | B32: KS-870505 | D32: =SUMIF($E$4:BN$4,$F$4,E32:BN32) -> 0 | BO32: =SUMIF(E$4:$BN31,$E$4,E32:BN32) -> 0 | BP32: =+VLOOKUP(A32,'Tổng,SUMMARY'!C:K,8,0) -> 0 | BQ32: =+D32-BP32 -> 0
A33: TR355016 | B33: KS-881003 | D33: =SUMIF($E$4:BN$4,$F$4,E33:BN33) -> 0 | BO33: =SUMIF(E$4:$BN32,$E$4,E33:BN33) -> 0 | BP33: =+VLOOKUP(A33,'Tổng,SUMMARY'!C:K,8,0) -> 0 | BQ33: =+D33-BP33 -> 0
A34: TR354996 | B34: KS-880995 | D34: =SUMIF($E$4:BN$4,$F$4,E34:BN34) -> 0 | BO34: =SUMIF(E$4:$BN33,$E$4,E34:BN34) -> 0 | BP34: =+VLOOKUP(A34,'Tổng,SUMMARY'!C:K,8,0) -> 0 | BQ34: =+D34-BP34 -> 0
A35: TR353788 | B35: KS-870501 | D35: =SUMIF($E$4:BN$4,$F$4,E35:BN35) -> 0 | BO35: =SUMIF(E$4:$BN34,$E$4,E35:BN35) -> 0 | BP35: =+VLOOKUP(A35,'Tổng,SUMMARY'!C:K,8,0) -> 0 | BQ35: =+D35-BP35 -> 0
A36: TR353823 | B36: KS-870499 | D36: =SUMIF($E$4:BN$4,$F$4,E36:BN36) -> 0 | BO36: =SUMIF(E$4:$BN35,$E$4,E36:BN36) -> 0 | BP36: =+VLOOKUP(A36,'Tổng,SUMMARY'!C:K,8,0) -> 800 | BQ36: =+D36-BP36 -> -800
A37: TR354615 | B37: KS-870702 | D37: =SUMIF($E$4:BN$4,$F$4,E37:BN37) -> 0 | BO37: =SUMIF(E$4:$BN36,$E$4,E37:BN37) -> 0 | BP37: =+VLOOKUP(A37,'Tổng,SUMMARY'!C:K,8,0) -> 0 | BQ37: =+D37-BP37 -> 0
A38: TR354576 | B38: KS-870574 | D38: =SUMIF($E$4:BN$4,$F$4,E38:BN38) -> 0 | BO38: =SUMIF(E$4:$BN37,$E$4,E38:BN38) -> 0 | BP38: =+VLOOKUP(A38,'Tổng,SUMMARY'!C:K,8,0) -> 1400 | BQ38: =+D38-BP38 -> -1400
A39: TR350607 | B39: KS-84018 | D39: =SUMIF($E$4:BN$4,$F$4,E39:BN39) -> 0 | BO39: =SUMIF(E$4:$BN38,$E$4,E39:BN39) -> 0 | BP39: =+VLOOKUP(A39,'Tổng,SUMMARY'!C:K,8,0) -> 1100 | BQ39: =+D39-BP39 -> -1100
A40: TR357034 | B40: KS-881291 | D40: =SUMIF($E$4:BN$4,$F$4,E40:BN40) -> 0 | BO40: =SUMIF(E$4:$BN39,$E$4,E40:BN40) -> 0 | BP40: =+VLOOKUP(A40,'Tổng,SUMMARY'!C:K,8,0) -> 250 | BQ40: =+D40-BP40 -> -250
A41: TR355877 | B41: KS-881291 | D41: =SUMIF($E$4:BN$4,$F$4,E41:BN41) -> 0
A42: TR355278 | B42: KS-870883 | D42: =SUMIF($E$4:BN$4,$F$4,E42:BN42) -> 0 | BO42: =SUMIF(E$4:$BN40,$E$4,E42:BN42) -> 0 | BP42: =+VLOOKUP(A42,'Tổng,SUMMARY'!C:K,8,0) -> 500 | BQ42: =+D42-BP42 -> -500
A43: TR351752 | B43: KS-880288 | D43: =SUMIF($E$4:BN$4,$F$4,E43:BN43) -> 0 | BO43: =SUMIF(E$4:$BN42,$E$4,E43:BN43) -> 0 | BP43: =+VLOOKUP(A43,'Tổng,SUMMARY'!C:K,8,0) -> 11400 | BQ43: =+D43-BP43 -> -11400
A44: TR356497 | B44: KS-881512 | D44: =SUMIF($E$4:BN$4,$F$4,E44:BN44) -> 0 | BO44: =SUMIF(E$4:$BN43,$E$4,E44:BN44) -> 0 | BP44: =+VLOOKUP(A44,'Tổng,SUMMARY'!C:K,8,0) -> 4350 | BQ44: =+D44-BP44 -> -4350
A45: TR354759 | B45: KS-880910 | D45: =SUMIF($E$4:BN$4,$F$4,E45:BN45) -> 0 | BO45: =SUMIF(E$4:$BN44,$E$4,E45:BN45) -> 0 | BP45: =+VLOOKUP(A45,'Tổng,SUMMARY'!C:K,8,0) -> 1100 | BQ45: =+D45-BP45 -> -1100
A46: TR354920 | B46: KS-880910 | D46: =SUMIF($E$4:BN$4,$F$4,E46:BN46) -> 0 | BO46: =SUMIF(E$4:$BN45,$E$4,E46:BN46) -> 0 | BP46: =+VLOOKUP(A46,'Tổng,SUMMARY'!C:K,8,0) -> 0 | BQ46: =+D46-BP46 -> 0
A47: TR355940 | B47: KS-881169 | D47: =SUMIF($E$4:BN$4,$F$4,E47:BN47) -> 0 | BO47: =SUMIF(E$4:$BN46,$E$4,E47:BN47) -> 0 | BP47: =+VLOOKUP(A47,'Tổng,SUMMARY'!C:K,8,0) -> 19900 | BQ47: =+D47-BP47 -> -19900
A48: TR356242 | B48: KS-881169 | D48: =SUMIF($E$4:BN$4,$F$4,E48:BN48) -> 0 | BO48: =SUMIF(E$4:$BN47,$E$4,E48:BN48) -> 0 | BP48: =+VLOOKUP(A48,'Tổng,SUMMARY'!C:K,8,0) -> 0 | BQ48: =+D48-BP48 -> 0
A49: TR353094 | B49: KS-880510 | D49: =SUMIF($E$4:BN$4,$F$4,E49:BN49) -> 0 | BO49: =SUMIF(E$4:$BN48,$E$4,E49:BN49) -> 0 | BP49: =+VLOOKUP(A49,'Tổng,SUMMARY'!C:K,8,0) -> 0 | BQ49: =+D49-BP49 -> 0
A50: TR354914 | B50: KS-880959 | D50: =SUMIF($E$4:BN$4,$F$4,E50:BN50) -> 0 | BO50: =SUMIF(E$4:$BN49,$E$4,E50:BN50) -> 0 | BP50: =+VLOOKUP(A50,'Tổng,SUMMARY'!C:K,8,0) -> 21150 | BQ50: =+D50-BP50 -> -21150
A51: TR355573 | B51: KS-870990 | D51: =SUMIF($E$4:BN$4,$F$4,E51:BN51) -> 0 | BO51: =SUMIF(E$4:$BN50,$E$4,E51:BN51) -> 0 | BP51: =+VLOOKUP(A51,'Tổng,SUMMARY'!C:K,8,0) -> 200 | BQ51: =+D51-BP51 -> -200
A52: TR351690 | B52: KS-880272 | D52: =SUMIF($E$4:BN$4,$F$4,E52:BN52) -> 0 | BO52: =SUMIF(E$4:$BN51,$E$4,E52:BN52) -> 0 | BP52: =+VLOOKUP(A52,'Tổng,SUMMARY'!C:K,8,0) -> 30500 | BQ52: =+D52-BP52 -> -30500
A53: TR354011 | B53: KS-880624 | D53: =SUMIF($E$4:BN$4,$F$4,E53:BN53) -> 0 | BO53: =SUMIF(E$4:$BN52,$E$4,E53:BN53) -> 0 | BP53: =+VLOOKUP(A53,'Tổng,SUMMARY'!C:K,8,0) -> 100 | BQ53: =+D53-BP53 -> -100
A54: TR354102 | B54: KS-880624 | D54: =SUMIF($E$4:BN$4,$F$4,E54:BN54) -> 0 | BO54: =SUMIF(E$4:$BN53,$E$4,E54:BN54) -> 0 | BP54: =+VLOOKUP(A54,'Tổng,SUMMARY'!C:K,8,0) -> 0 | BQ54: =+D54-BP54 -> 0
... A58: TR352235 | B58: KS-88188 | D58: =SUMIF($E$4:BN$4,$F$4,E58:BN58) -> 0 | BO58: =SUMIF(E$4:$BN57,$E$4,E58:BN58) -> 0 | BP58: =+VLOOKUP(A58,'Tổng,SUMMARY'!C:K,8,0) -> 0 | BQ58: =+D58-BP58 -> 0
A59: TR350693 | B59: KS-88188 | D59: =SUMIF($E$4:BN$4,$F$4,E59:BN59) -> 4700 | J59: 2300 | L59: 2400 | BO59: =SUMIF(E$4:$BN58,$E$4,E59:BN59) -> 0 | BP59: =+VLOOKUP(A59,'Tổng,SUMMARY'!C:K,8,0) -> 11500 | BQ59: =+D59-BP59 -> -6800
A60: TR354410 | B60: KS-880551 | D60: =SUMIF($E$4:BN$4,$F$4,E60:BN60) -> 0 | BO60: =SUMIF(E$4:$BN59,$E$4,E60:BN60) -> 0 | BP60: =+VLOOKUP(A60,'Tổng,SUMMARY'!C:K,8,0) -> 1600 | BQ60: =+D60-BP60 -> -1600
A61: TR354542 | B61: KS-880551 | D61: =SUMIF($E$4:BN$4,$F$4,E61:BN61) -> 0 | BO61: =SUMIF(E$4:$BN60,$E$4,E61:BN61) -> 0 | BP61: =+VLOOKUP(A61,'Tổng,SUMMARY'!C:K,8,0) -> #N/A | BQ61: =+D61-BP61 -> #N/A
A62: TR353099 | B62: KS-880506 | D62: =SUMIF($E$4:BN$4,$F$4,E62:BN62) -> 0 | BO62: =SUMIF(E$4:$BN61,$E$4,E62:BN62) -> 0 | BP62: =+VLOOKUP(A62,'Tổng,SUMMARY'!C:K,8,0) -> 0 | BQ62: =+D62-BP62 -> 0
A63: TR355472 | B63: KS-881138 | D63: =SUMIF($E$4:BN$4,$F$4,E63:BN63) -> 0 | BO63: =SUMIF(E$4:$BN62,$E$4,E63:BN63) -> 0 | BP63: =+VLOOKUP(A63,'Tổng,SUMMARY'!C:K,8,0) -> 0 | BQ63: =+D63-BP63 -> 0
A64: TR354679 | B64: KS-870708 | D64: =SUMIF($E$4:BN$4,$F$4,E64:BN64) -> 0 | BO64: =SUMIF(E$4:$BN63,$E$4,E64:BN64) -> 0 | BP64: =+VLOOKUP(A64,'Tổng,SUMMARY'!C:K,8,0) -> 0 | BQ64: =+D64-BP64 -> 0
A65: TR353729 | B65: KS-870492 | D65: =SUMIF($E$4:BN$4,$F$4,E65:BN65) -> 0 | BO65: =SUMIF(E$4:$BN64,$E$4,E65:BN65) -> 0 | BP65: =+VLOOKUP(A65,'Tổng,SUMMARY'!C:K,8,0) -> 200 | BQ65: =+D65-BP65 -> -200
A66: TR351206 | B66: KS-880114 | D66: =SUMIF($E$4:BN$4,$F$4,E66:BN66) -> 0 | BO66: =SUMIF(E$4:$BN65,$E$4,E66:BN66) -> 0 | BP66: =+VLOOKUP(A66,'Tổng,SUMMARY'!C:K,8,0) -> 400 | BQ66: =+D66-BP66 -> -400
A67: TR352009 | B67: KS-881232 | D67: =SUMIF($E$4:BN$4,$F$4,E67:BN67) -> 0 | BO67: =SUMIF(E$4:$BN66,$E$4,E67:BN67) -> 0 | BP67: =+VLOOKUP(A67,'Tổng,SUMMARY'!C:K,8,0) -> 3100 | BQ67: =+D67-BP67 -> -3100
A68: TR354691 | B68: KS-880887 | D68: =SUMIF($E$4:BN$4,$F$4,E68:BN68) -> 0 | BO68: =SUMIF(E$4:$BN67,$E$4,E68:BN68) -> 0 | BP68: =+VLOOKUP(A68,'Tổng,SUMMARY'!C:K,8,0) -> 17300 | BQ68: =+D68-BP68 -> -17300
A69: TR355432 | B69: KS-880887 | D69: =SUMIF($E$4:BN$4,$F$4,E69:BN69) -> 0 | BO69: =SUMIF(E$4:$BN68,$E$4,E69:BN69) -> 0 | BP69: =+VLOOKUP(A69,'Tổng,SUMMARY'!C:K,8,0) -> 0 | BQ69: =+D69-BP69 -> 0
A70: TR354962 | B70: KS-880976 | D70: =SUMIF($E$4:BN$4,$F$4,E70:BN70) -> 0 | BO70: =SUMIF(E$4:$BN69,$E$4,E70:BN70) -> 0 | BP70: =+VLOOKUP(A70,'Tổng,SUMMARY'!C:K,8,0) -> 0 | BQ70: =+D70-BP70 -> 0
A71: TR350749 | B71: KS-881107 | D71: =SUMIF($E$4:BN$4,$F$4,E71:BN71) -> 0 | BO71: =SUMIF(E$4:$BN70,$E$4,E71:BN71) -> 0 | BP71: =+VLOOKUP(A71,'Tổng,SUMMARY'!C:K,8,0) -> 0 | BQ71: =+D71-BP71 -> 0
... A82: TR355025 | B82: KS-880957 | D82: =SUMIF($E$4:BN$4,$F$4,E82:BN82) -> 0 | BO82: =SUMIF(E$4:$BN81,$E$4,E82:BN82) -> 0 | BP82: =+VLOOKUP(A82,'Tổng,SUMMARY'!C:K,8,0) -> 0 | BQ82: =+D82-BP82 -> 0
A83: TR355894 | B83: KS-881258 | D83: =SUMIF($E$4:BN$4,$F$4,E83:BN83) -> 0 | BO83: =SUMIF(E$4:$BN81,$E$4,E83:BN83) -> 0 | BP83: =+VLOOKUP(A83,'Tổng,SUMMARY'!C:K,8,0) -> 0 | BQ83: =+D83-BP83 -> 0
A84: TR355039 | B84: KS-880986 | D84: =SUMIF($E$4:BN$4,$F$4,E84:BN84) -> 0 | BO84: =SUMIF(E$4:$BN83,$E$4,E84:BN84) -> 0 | BP84: =+VLOOKUP(A84,'Tổng,SUMMARY'!C:K,8,0) -> 9300 | BQ84: =+D84-BP84 -> -9300
A85: TR355141 | B85: KS-880986 | D85: =SUMIF($E$4:BN$4,$F$4,E85:BN85) -> 0 | BO85: =SUMIF(E$4:$BN84,$E$4,E85:BN85) -> 0 | BP85: =+VLOOKUP(A85,'Tổng,SUMMARY'!C:K,8,0) -> 0 | BQ85: =+D85-BP85 -> 0
A86: TR350858 | B86: KS-880233 | D86: =SUMIF($E$4:BN$4,$F$4,E86:BN86) -> 0 | BO86: =SUMIF(E$4:$BN85,$E$4,E86:BN86) -> 0 | BP86: =+VLOOKUP(A86,'Tổng,SUMMARY'!C:K,8,0) -> 650 | BQ86: =+D86-BP86 -> -650
A87: TR355177 | B87: KS-881045 | D87: =SUMIF($E$4:BN$4,$F$4,E87:BN87) -> 0 | BO87: =SUMIF(E$4:$BN86,$E$4,E87:BN87) -> 0 | BP87: =+VLOOKUP(A87,'Tổng,SUMMARY'!C:K,8,0) -> 0 | BQ87: =+D87-BP87 -> 0
A88: TR352640 | B88: KS-870325 | D88: =SUMIF($E$4:BN$4,$F$4,E88:BN88) -> 0 | BO88: =SUMIF(E$4:$BN87,$E$4,E88:BN88) -> 0 | BP88: =+VLOOKUP(A88,'Tổng,SUMMARY'!C:K,8,0) -> 0 | BQ88: =+D88-BP88 -> 0
A89: TR354597 | B89: KS-880849 | D89: =SUMIF($E$4:BN$4,$F$4,E89:BN89) -> 0 | BO89: =SUMIF(E$4:$BN88,$E$4,E89:BN89) -> 0 | BP89: =+VLOOKUP(A89,'Tổng,SUMMARY'!C:K,8,0) -> 0 | BQ89: =+D89-BP89 -> 0
A90: TR352871 | B90: KS-870278 | D90: =SUMIF($E$4:BN$4,$F$4,E90:BN90) -> 0 | BO90: =SUMIF(E$4:$BN89,$E$4,E90:BN90) -> 0 | BP90: =+VLOOKUP(A90,'Tổng,SUMMARY'!C:K,8,0) -> 0 | BQ90: =+D90-BP90 -> 0
A91: TR355604 | B91: KS-881163 | D91: =SUMIF($E$4:BN$4,$F$4,E91:BN91) -> 0 | BO91: =SUMIF(E$4:$BN90,$E$4,E91:BN91) -> 0 | BP91: =+VLOOKUP(A91,'Tổng,SUMMARY'!C:K,8,0) -> 13200 | BQ91: =+D91-BP91 -> -13200
A92: TR355755 | B92: KS-881163 | D92: =SUMIF($E$4:BN$4,$F$4,E92:BN92) -> 0 | BO92: =SUMIF(E$4:$BN91,$E$4,E92:BN92) -> 0 | BP92: =+VLOOKUP(A92,'Tổng,SUMMARY'!C:K,8,0) -> 0 | BQ92: =+D92-BP92 -> 0
A93: TR354950 | B93: KS-880898 | D93: =SUMIF($E$4:BN$4,$F$4,E93:BN93) -> 0 | BO93: =SUMIF(E$4:$BN92,$E$4,E93:BN93) -> 0 | BP93: =+VLOOKUP(A93,'Tổng,SUMMARY'!C:K,8,0) -> 0 | BQ93: =+D93-BP93 -> 0
A94: TR355682 | B94: KS-881258(LP) | D94: =SUMIF($E$4:BN$4,$F$4,E94:BN94) -> 0 | BO94: =SUMIF(E$4:$BN93,$E$4,E94:BN94) -> 0 | BP94: =+VLOOKUP(A94,'Tổng,SUMMARY'!C:K,8,0) -> 10200 | BQ94: =+D94-BP94 -> -10200
A95: TR353809 | B95: KS-870498 | D95: =SUMIF($E$4:BN$4,$F$4,E95:BN95) -> 0 | BO95: =SUMIF(E$4:$BN94,$E$4,E95:BN95) -> 0 | BP95: =+VLOOKUP(A95,'Tổng,SUMMARY'!C:K,8,0) -> 0 | BQ95: =+D95-BP95 -> 0
... A103: TR354070 | B103: KS-870541 | D103: =SUMIF($E$4:BN$4,$F$4,E103:BN103) -> 0 | BO103: =SUMIF(E$4:$BN102,$E$4,E103:BN103) -> 0 | BP103: =+VLOOKUP(A103,'Tổng,SUMMARY'!C:K,8,0) -> 0 | BQ103: =+D103-BP103 -> 0
A104: TR355876 | B104: KS-880104 | D104: =SUMIF($E$4:BN$4,$F$4,E104:BN104) -> 2600 | L104: =200+2400 -> 2600 | BO104: =SUMIF(E$4:$BN103,$E$4,E104:BN104) -> 0 | BP104: =+VLOOKUP(A104,'Tổng,SUMMARY'!C:K,8,0) -> 2050 | BQ104: =+D104-BP104 -> 550
A105: TR353129 | B105: KS-870278 | D105: =SUMIF($E$4:BN$4,$F$4,E105:BN105) -> 0 | BO105: =SUMIF(E$4:$BN104,$E$4,E105:BN105) -> 0 | BP105: =+VLOOKUP(A105,'Tổng,SUMMARY'!C:K,8,0) -> 250 | BQ105: =+D105-BP105 -> -250
A106: TR354174 | B106: KS-870575 | D106: =SUMIF($E$4:BN$4,$F$4,E106:BN106) -> 0 | BO106: =SUMIF(E$4:$BN105,$E$4,E106:BN106) -> 0 | BP106: =+VLOOKUP(A106,'Tổng,SUMMARY'!C:K,8,0) -> #N/A | BQ106: =+D106-BP106 -> #N/A
A107: TR356061 | B107: KS-871270 | D107: =SUMIF($E$4:BN$4,$F$4,E107:BN107) -> 0 | BO107: =SUMIF(E$4:$BN106,$E$4,E107:BN107) -> 0 | BP107: =+VLOOKUP(A107,'Tổng,SUMMARY'!C:K,8,0) -> 50 | BQ107: =+D107-BP107 -> -50
A108: TR351649 | B108: KS-880104 | D108: =SUMIF($E$4:BN$4,$F$4,E108:BN108) -> 0 | BO108: =SUMIF(E$4:$BN107,$E$4,E108:BN108) -> 0 | BP108: =+VLOOKUP(A108,'Tổng,SUMMARY'!C:K,8,0) -> 3750 | BQ108: =+D108-BP108 -> -3750
A109: TR355978 | B109: KS-881341 | D109: =SUMIF($E$4:BN$4,$F$4,E109:BN109) -> 0 | BO109: =SUMIF(E$4:$BN108,$E$4,E109:BN109) -> 0 | BP109: =+VLOOKUP(A109,'Tổng,SUMMARY'!C:K,8,0) -> 0 | BQ109: =+D109-BP109 -> 0
A110: TR355831 | B110: KS-881289 | D110: =SUMIF($E$4:BN$4,$F$4,E110:BN110) -> 0 | BO110: =SUMIF(E$4:$BN109,$E$4,E110:BN110) -> 0 | BP110: =+VLOOKUP(A110,'Tổng,SUMMARY'!C:K,8,0) -> 200 | BQ110: =+D110-BP110 -> -200
A111: TR355995 | B111: KS-881289 | D111: =SUMIF($E$4:BN$4,$F$4,E111:BN111) -> 0 | BP111: =+VLOOKUP(A111,'Tổng,SUMMARY'!C:K,8,0) -> 0 | BQ111: =+D111-BP111 -> 0
A112: TR354511 | B112: KS-880467 | D112: =SUMIF($E$4:BN$4,$F$4,E112:BN112) -> 0 | BO112: =SUMIF(E$4:$BN110,$E$4,E112:BN112) -> 0 | BP112: =+VLOOKUP(A112,'Tổng,SUMMARY'!C:K,8,0) -> 300 | BQ112: =+D112-BP112 -> -300
A113: TR353323 | B113: KS-880566 | D113: =SUMIF($E$4:BN$4,$F$4,E113:BN113) -> 0 | BO113: =SUMIF(E$4:$BN112,$E$4,E113:BN113) -> 0 | BP113: =+VLOOKUP(A113,'Tổng,SUMMARY'!C:K,8,0) -> 1350 | BQ113: =+D113-BP113 -> -1350
A114: TR353145 | B114: KS-89038 | D114: =SUMIF($E$4:BN$4,$F$4,E114:BN114) -> 0 | BO114: =SUMIF(E$4:$BN113,$E$4,E114:BN114) -> 0 | BP114: =+VLOOKUP(A114,'Tổng,SUMMARY'!C:K,8,0) -> 0 | BQ114: =+D114-BP114 -> 0
A115: TR356738 | B115: KS-870500 | D115: =SUMIF($E$4:BN$4,$F$4,E115:BN115) -> 0 | BO115: =SUMIF(E$4:$BN114,$E$4,E115:BN115) -> 0 | BP115: =+VLOOKUP(A115,'Tổng,SUMMARY'!C:K,8,0) -> 1000 | BQ115: =+D115-BP115 -> -1000
A116: TR356636 | B116: KS-880104 | D116: =SUMIF($E$4:BN$4,$F$4,E116:BN116) -> 2400 | J116: 1200 | L116: 1200 | BO116: =SUMIF(E$4:$BN115,$E$4,E116:BN116) -> 0 | BP116: =+VLOOKUP(A116,'Tổng,SUMMARY'!C:K,8,0) -> 2300 | BQ116: =+D116-BP116 -> 100
A117: TR355160 | B117: KS-881043 | D117: =SUMIF($E$4:BN$4,$F$4,E117:BN117) -> 0 | BO117: =SUMIF(E$4:$BN116,$E$4,E117:BN117) -> 0 | BP117: =+VLOOKUP(A117,'Tổng,SUMMARY'!C:K,8,0) -> 1800 | BQ117: =+D117-BP117 -> -1800
A118: TR352327 | B118: KS-880372 | D118: =SUMIF($E$4:BN$4,$F$4,E118:BN118) -> 4800 | L118: 4800 | BO118: =SUMIF(E$4:$BN117,$E$4,E118:BN118) -> 0 | BP118: =+VLOOKUP(A118,'Tổng,SUMMARY'!C:K,8,0) -> 20550 | BQ118: =+D118-BP118 -> -15750
A119: TR354773 | B119: KS-880120 | D119: =SUMIF($E$4:BN$4,$F$4,E119:BN119) -> 1150 | L119: 1150 | BO119: =SUMIF(E$4:$BN118,$E$4,E119:BN119) -> 0 | BP119: =+VLOOKUP(A119,'Tổng,SUMMARY'!C:K,8,0) -> 2650 | BQ119: =+D119-BP119 -> -1500
A120: TR351215 | B120: KS-880120 | D120: =SUMIF($E$4:BN$4,$F$4,E120:BN120) -> 0 | BO120: =SUMIF(E$4:$BN119,$E$4,E120:BN120) -> 0 | BP120: =+VLOOKUP(A120,'Tổng,SUMMARY'!C:K,8,0) -> 0 | BQ120: =+D120-BP120 -> 0
A121: TR356028 | B121: KS-881335 | D121: =SUMIF($E$4:BN$4,$F$4,E121:BN121) -> 0 | BO121: =SUMIF(E$4:$BN120,$E$4,E121:BN121) -> 0 | BP121: =+VLOOKUP(A121,'Tổng,SUMMARY'!C:K,8,0) -> 200 | BQ121: =+D121-BP121 -> -200
...

Sheet  Xuất kho 출2
A1: 월 출고 XUẤT HÀNG | D1: =SUM(E1:AI1) -> 28400 | E1: =+E274 -> 0 | F1: =+F274 -> 0 | G1: =+G274 -> 8000 | H1: =+H274 -> 20400 | I1: =+I274 -> 0 | J1: =+J274 -> 0 | K1: =+K274 -> 0 | L1: =+L274 -> 0 | ... AI1: =+AI274 -> 0
B2: ERP Code | C2: 모델명 Model | D2: TT XUẤT | S2: DATE
E3: 1 | F3: =+E3+1 -> 2 | G3: =+F3+1 -> 3 | H3: =+G3+1 -> 4 | I3: =+H3+1 -> 5 | J3: =+I3+1 -> 6 | K3: =+J3+1 -> 7 | L3: =+K3+1 -> 8 | M3: =+L3+1 -> 9 | ... AI3: =+AH3+1 -> 31 | XFB3: =SUM(A3:XFA3) -> 496
B4: TR354631 | C4: KS-880854 | D4: =SUM(E4:AI4) -> 0 | AK4: =+D4-AJ4 -> 0
B5: TR355517 | C5: KS-870953 | D5: =SUM(E5:AI5) -> 0 | AK5: =+D5-AJ5 -> 0
B6: TR352805 | C6: KS-86025 | D6: =SUM(E6:AI6) -> 0 | AK6: =+D6-AJ6 -> 0
B7: TR355201 | C7: KS-881058 | D7: =SUM(E7:AI7) -> 0 | AK7: =+D7-AJ7 -> 0
B8: TR355324 | C8: KS-881058 | D8: =SUM(E8:AI8) -> 0 | AK8: =+D8-AJ8 -> 0
B9: TR356580 | C9: KS-881515 | D9: =SUM(E9:AI9) -> 0 | AK9: =+D9-AJ9 -> 0
B10: TR354796 | C10: KS-880355 | D10: =SUM(E10:AI10) -> 0 | AK10: =+D10-AJ10 -> 0
B11: TR352133 | C11: KS-880355 | D11: =SUM(E11:AI11) -> 0 | AK11: =+D11-AJ11 -> 0
B12: TR355056 | C12: KS-870827 | D12: =SUM(E12:AI12) -> 0 | AK12: =+D12-AJ12 -> 0
B13: TR355708 | C13: KS-880827 | D13: =SUM(E13:AI13) -> 0 | AK13: =+D13-AJ13 -> 0
B14: TR354801 | C14: KS-880545 | D14: =SUM(E14:AI14) -> 0 | AK14: =+D14-AJ14 -> 0
B15: TR353236 | C15: KS-880545 | D15: =SUM(E15:AI15) -> 0 | AK15: =+D15-AJ15 -> 0
... B38: TR357034 | C38: KS-881291 | D38: =SUM(E38:AI38) -> 0 | AK38: =+D38-AJ38 -> 0
B39: TR355877 | C39: KS-881291 | D39: =SUM(E39:AI39) -> 0
B40: TR355278 | C40: KS-870883 | D40: =SUM(E40:AI40) -> 0 | AK40: =+D40-AJ40 -> 0
B41: TR351752 | C41: KS-880288 | D41: =SUM(E41:AI41) -> 0 | AK41: =+D41-AJ41 -> 0
B42: TR356497 | C42: KS-881512 | D42: =SUM(E42:AI42) -> 0 | AK42: =+D42-AJ42 -> 0
B43: TR354759 | C43: KS-880910 | D43: =SUM(E43:AI43) -> 0 | AK43: =+D43-AJ43 -> 0
B44: TR354920 | C44: KS-880910 | D44: =SUM(E44:AI44) -> 0 | AK44: =+D44-AJ44 -> 0
B45: TR355940 | C45: KS-881169 | D45: =SUM(E45:AI45) -> 8000 | G45: 8000 | AK45: =+D45-AJ45 -> 8000
B46: TR356242 | C46: KS-881169 | D46: =SUM(E46:AI46) -> 0 | AK46: =+D46-AJ46 -> 0
B47: TR353094 | C47: KS-880510 | D47: =SUM(E47:AI47) -> 0 | AK47: =+D47-AJ47 -> 0
B48: TR354914 | C48: KS-880959 | D48: =SUM(E48:AI48) -> 10000 | H48: 10000 | AK48: =+D48-AJ48 -> 10000
B49: TR355573 | C49: KS-870990 | D49: =SUM(E49:AI49) -> 0 | AK49: =+D49-AJ49 -> 0
B50: TR351690 | C50: KS-880272 | D50: =SUM(E50:AI50) -> 0 | AK50: =+D50-AJ50 -> 0
B51: TR354011 | C51: KS-880624 | D51: =SUM(E51:AI51) -> 0 | AK51: =+D51-AJ51 -> 0
B52: TR354102 | C52: KS-880624 | D52: =SUM(E52:AI52) -> 0 | AK52: =+D52-AJ52 -> 0
B53: TR354763 | C53: KS-880898 | D53: =SUM(E53:AI53) -> 0 | AK53: =+D53-AJ53 -> 0
B54: TR352576 | C54: KS-880398 | D54: =SUM(E54:AI54) -> 0 | AK54: =+D54-AJ54 -> 0
B55: TR353653 | C55: KS-880615 | D55: =SUM(E55:AI55) -> 0 | AK55: =+D55-AJ55 -> 0
B56: TR352235 | C56: KS-88188 | D56: =SUM(E56:AI56) -> 0 | AK56: =+D56-AJ56 -> 0
B57: TR350693 | C57: KS-88188 | D57: =SUM(E57:AI57) -> 0 | AK57: =+D57-AJ57 -> 0
B58: TR354410 | C58: KS-880551 | D58: =SUM(E58:AI58) -> 0 | AK58: =+D58-AJ58 -> 0
B59: TR354542 | C59: KS-880551 | D59: =SUM(E59:AI59) -> 0 | AK59: =+D59-AJ59 -> 0
B60: TR353099 | C60: KS-880506 | D60: =SUM(E60:AI60) -> 0 | AK60: =+D60-AJ60 -> 0
... B114: TR355160 | C114: KS-881043 | D114: =SUM(E114:AI114) -> 0 | AK114: =+D114-AJ114 -> 0
B115: TR354773 | C115: KS-880120 | D115: =SUM(E115:AI115) -> 400 | H115: 400 | AK115: =+D115-AJ115 -> 400
B116: TR352327 | C116: KS-880372 | D116: =SUM(E116:AI116) -> 10000 | H116: 10000 | AK116: =+D116-AJ116 -> 10000
B117: TR351215 | C117: KS-880120 | D117: =SUM(E117:AI117) -> 0 | AK117: =+D117-AJ117 -> 0
B118: TR356028 | C118: KS-881335 | D118: =SUM(E118:AI118) -> 0 | AK118: =+D118-AJ118 -> 0
B119: TR356419 | C119: KS-871396 | D119: =SUM(E119:AI119) -> 0 | AK119: =+D119-AJ119 -> 0
B120: TR354259 | C120: KS-870618 | D120: =SUM(E120:AI120) -> 0 | AK120: =+D120-AJ120 -> 0
B121: TR354006 | C121: KS-870208 | D121: =SUM(E121:AI121) -> 0 | AK121: =+D121-AJ121 -> 0
B122: TR353911 | C122: KS-870365 | D122: =SUM(E122:AI122) -> 0 | AK122: =+D122-AJ122 -> 0
B123: TR356877 | C123: KS-870365 | D123: =SUM(E123:AI123) -> 0 | AK123: =+D123-AJ123 -> 0
B124: TR356075 | C124: KS-881337 | D124: =SUM(E124:AI124) -> 0 | AK124: =+D124-AJ124 -> 0
B125: TR356956 | C125: KS-881337 | D125: =SUM(E125:AI125) -> 0
B126: TR353784 | C126: KS-870247 | D126: =SUM(E126:AI126) -> 0 | AK126: =+D126-AJ126 -> 0
B127: TR352788 | C127: KS-870247 | D127: =SUM(E127:AI127) -> 0 | AK127: =+D127-AJ127 -> 0
B128: TR351141 | C128: KS-8603 | D128: =SUM(E128:AI128) -> 0 | AK128: =+D128-AJ128 -> 0
B129: TR351743 | C129: KS-870217 | D129: =SUM(E129:AI129) -> 0 | AK129: =+D129-AJ129 -> 0
B130: TR351886 | C130: KS-870217 | D130: =SUM(E130:AI130) -> 0
B131: TR357028 | C131: KS-880970 | D131: =SUM(E131:AI131) -> 0 | AK131: =+D131-AJ131 -> 0
B132: TR356849 | C132: KS-880970 | D132: =SUM(E132:AI132) -> 0 | AK132: =+D132-AJ132 -> 0
B133: TR351718 | C133: KS-87376 | D133: =SUM(E133:AI133) -> 0 | AK133: =+D133-AJ133 -> 0
B134: TR351875 | C134: KS-87376 | D134: =SUM(E134:AI134) -> 0 | AK134: =+D134-AJ134 -> 0
B135: TR353425 | C135: KS-880466 | D135: =SUM(E135:AI135) -> 0 | AK135: =+D135-AJ135 -> 0
B136: TR351822 | C136: KS-8212 | D136: =SUM(E136:AI136) -> 0 | AK136: =+D136-AJ136 -> 0
B137: TR354085 | C137: KS-870557 | D137: =SUM(E137:AI137) -> 0 | AK137: =+D137-AJ137 -> 0
B138: TR356297 | C138: KS-871365 | D138: =SUM(E138:AI138) -> 0 | AK138: =+D138-AJ138 -> 0
B139: TR355918 | C139: KS-881300 | D139: =SUM(E139:AI139) -> 0 | AK139: =+D139-AJ139 -> 0
B140: TR355759 | C140: KS-881272 | D140: =SUM(E140:AI140) -> 0 | AK140: =+D140-AJ140 -> 0
B141: TR352292 | C141: KS-870283 | D141: =SUM(E141:AI141) -> 0 | AK141: =+D141-AJ141 -> 0
B142: TR356388 | C142: KS-881472 | D142: =SUM(E142:AI142) -> 0 | AK142: =+D142-AJ142 -> 0
... B153: TR354632 | C153: KS-89084 | D153: =SUM(E153:AI153) -> 0 | AK153: =+D153-AJ153 -> 0
B154: TR357030 | C154: KS-89084 | D154: =SUM(E154:AI154) -> 0
B155: TR354295 | C155: KS-870604 | D155: =SUM(E155:AI155) -> 0 | AK155: =+D155-AJ155 -> 0
B156: TR300652 | C156: KS-86015 | D156: =SUM(E156:AI156) -> 0 | AK156: =+D156-AJ156 -> 0
B157: TR357102 | C157: KS-86015 | D157: =SUM(E157:AI157) -> 0
B158: TR351120 | C158: KS-86015 | D158: =SUM(E158:AI158) -> 0
B159: TR353639 | C159: KS-86028 | D159: =SUM(E159:AI159) -> 0 | AK159: =+D159-AJ159 -> 0
B160: TR354675 | C160: KS-880881 | D160: =SUM(E160:AI160) -> 0 | AK160: =+D160-AJ160 -> 0
B161: TR355209 | C161: KS-881050 | D161: =SUM(E161:AI161) -> 0 | AK161: =+D161-AJ161 -> 0
B162: TR355618 | C162: KS-881050 | D162: =SUM(E162:AI162) -> 0
B163: TR351838 | C163: KS-870222 | D163: =SUM(E163:AI163) -> 0 | AK163: =+D163-AJ163 -> 0
B164: TR355194 | C164: KS-870801 | D164: =SUM(E164:AI164) -> 0 | AK164: =+D164-AJ164 -> 0
B165: TR352902 | C165: KS-880442 | D165: =SUM(E165:AI165) -> 0 | AK165: =+D165-AJ165 -> 0
B166: TR300155 | C166: KS-8503 | D166: =SUM(E166:AI166) -> 0 | AK166: =+D166-AJ166 -> 0
B167: TR355336 | C167: KS-881090 | D167: =SUM(E167:AI167) -> 0 | AK167: =+D167-AJ167 -> 0
B168: TR354279 | C168: KS-880373 | D168: =SUM(E168:AI168) -> 0 | AK168: =+D168-AJ168 -> 0
B169: TR352558 | C169: KS-880373 | D169: =SUM(E169:AI169) -> 0 | AK169: =+D169-AJ169 -> 0
B170: TR356594 | C170: KS-881544 | D170: =SUM(E170:AI170) -> 0 | AK170: =+D170-AJ170 -> 0
B171: TR356346 | C171: KS-881362 | D171: =SUM(E171:AI171) -> 0 | AK171: =+D171-AJ171 -> 0
B172: TR356744 | C172: KS-870618 | D172: =SUM(E172:AI172) -> 0 | AK172: =+D172-AJ172 -> 0
B173: TR354821 | C173: KS-89069 | D173: =SUM(E173:AI173) -> 0 | AK173: =+D173-AJ173 -> 0
B174: TR355134 | C174: KS-89069 | D174: =SUM(E174:AI174) -> 0
B175: TR354823 | C175: KS-89073 | D175: =SUM(E175:AI175) -> 0 | AK175: =+D175-AJ175 -> 0
B176: TR354823-bring | C176: KS-89073 | D176: =SUM(E176:AI176) -> 0
B177: TR356062 | C177: KS-881353 | D177: =SUM(E177:AI177) -> 0 | AK177: =+D177-AJ177 -> 0
B178: TR354280 | C178: KS-870264 | D178: =SUM(E178:AI178) -> 0 | AK178: =+D178-AJ178 -> 0
B179: TR351912 | C179: KS-870264 | D179: =SUM(E179:AI179) -> 0 | AK179: =+D179-AJ179 -> 0
B180: TR352000 | C180: KS-870264 | D180: =SUM(E180:AI180) -> 0 | AK180: =+D180-AJ180 -> 0
B181: TR354226 | C181: KS-880382 | D181: =SUM(E181:AI181) -> 0 | AK181: =+D181-AJ181 -> 0
B182: TR356379 | C182: KS-871382 | D182: =SUM(E182:AI182) -> 0
B183: TR354809 | C183: KS-880748 | D183: =SUM(E183:AI183) -> 0 | AK183: =+D183-AJ183 -> 0
B184: TR354390 | C184: KS-880748 | D184: =SUM(E184:AI184) -> 0
B185: TR351313 | C185: KS-87049 | D185: =SUM(E185:AI185) -> 0 | AK185: =+D185-AJ185 -> 0
...

Sheet Nhập kho  입
A2: (INPUT)
A4: CODE | B4: DESCRIPTION | C4: DATE | D4: Lot No | E4: Qty | F4: Remark
E5: =+SUBTOTAL(9,E6:E911) -> 614022
A6: TR355876 | B6: =IFERROR(VLOOKUP(A6,'Tổng,SUMMARY'!C:D,2,0),) -> KS-880104 | C6: 46296 | E6: 1200
A7: TR355199 | B7: =IFERROR(VLOOKUP(A7,'Tổng,SUMMARY'!C:D,2,0),) -> KS-881047 | C7: 46296 | E7: 1200
A8: TR356716 | B8: =IFERROR(VLOOKUP(A8,'Tổng,SUMMARY'!C:D,2,0),) -> KS-880975 | C8: 46296 | E8: =400+1000 -> 1400
A9: TR354809 | B9: =IFERROR(VLOOKUP(A9,'Tổng,SUMMARY'!C:D,2,0),) -> KS-880748 | C9: 46296 | E9: =1200+1200+900 -> 3300
A10: TR355918 | B10: =IFERROR(VLOOKUP(A10,'Tổng,SUMMARY'!C:D,2,0),) -> KS-881300 | C10: 46296 | E10: 3600
A11: TR356300 | B11: =IFERROR(VLOOKUP(A11,'Tổng,SUMMARY'!C:D,2,0),) -> KS-881462 | C11: 46296 | E11: 2300
A12: TR356346 | B12: =IFERROR(VLOOKUP(A12,'Tổng,SUMMARY'!C:D,2,0),) -> KS-881362 | C12: 46296 | E12: 2400
A13: TR352431 | B13: =IFERROR(VLOOKUP(A13,'Tổng,SUMMARY'!C:D,2,0),) -> KS-880374 | C13: 46296 | E13: 2400
A14: TR355366 | B14: =IFERROR(VLOOKUP(A14,'Tổng,SUMMARY'!C:D,2,0),) -> KS-89046 | C14: 46296 | E14: =750+780+780+780+300 -> 3390
A15: TR350693 | B15: =IFERROR(VLOOKUP(A15,'Tổng,SUMMARY'!C:D,2,0),) -> KS-88188 | C15: 46296 | E15: =500+1200+1200+1200+1000 -> 5100
A16: TR354914 | B16: =IFERROR(VLOOKUP(A16,'Tổng,SUMMARY'!C:D,2,0),) -> KS-880959 | C16: 46296 | E16: =2400+2400 -> 4800 | F16: hàng hyun
A17: TR354288 | B17: =IFERROR(VLOOKUP(A17,'Tổng,SUMMARY'!C:D,2,0),) -> KS-880753 | C17: 46296 | E17: 3600 | F17: hàng hyun
A18: TR350031 | B18: =IFERROR(VLOOKUP(A18,'Tổng,SUMMARY'!C:D,2,0),) -> KS-8605 | C18: 46296 | E18: 3600 | F18: hàng hyun
A19: TR354952 | B19: =IFERROR(VLOOKUP(A19,'Tổng,SUMMARY'!C:D,2,0),) -> KS-880944 | C19: 46296 | E19: 3600 | F19: hàng hyun
A20: TR356497 | B20: =IFERROR(VLOOKUP(A20,'Tổng,SUMMARY'!C:D,2,0),) -> KS-881512 | C20: 46296 | E20: 3600 | F20: hàng hyun
A21: TR352431 | B21: =IFERROR(VLOOKUP(A21,'Tổng,SUMMARY'!C:D,2,0),) -> KS-880374 | C21: 46297 | E21: 1200
A22: TR356346 | B22: =IFERROR(VLOOKUP(A22,'Tổng,SUMMARY'!C:D,2,0),) -> KS-881362 | C22: 46297 | E22: 1150
A23: TR353125 | B23: =IFERROR(VLOOKUP(A23,'Tổng,SUMMARY'!C:D,2,0),) -> KS-8809 | C23: 46297 | E23: 3600
A24: TR355876 | B24: =IFERROR(VLOOKUP(A24,'Tổng,SUMMARY'!C:D,2,0),) -> KS-880104 | C24: 46297 | E24: =1200+200+1150 -> 2550
A25: TR355918 | B25: =IFERROR(VLOOKUP(A25,'Tổng,SUMMARY'!C:D,2,0),) -> KS-881300 | C25: 46297 | E25: =1100+1200+1100+1200 -> 4600
A26: TR356505 | B26: =IFERROR(VLOOKUP(A26,'Tổng,SUMMARY'!C:D,2,0),) -> KS-881527 | C26: 46297 | E26: 3600
A27: TR356061 | B27: =IFERROR(VLOOKUP(A27,'Tổng,SUMMARY'!C:D,2,0),) -> KS-871270 | C27: 46297 | E27: 2400
A28: TR355136 | B28: =IFERROR(VLOOKUP(A28,'Tổng,SUMMARY'!C:D,2,0),) -> KS-881041 | C28: 46297 | E28: =3600+800+600 -> 5000
A29: TR355208 | B29: =IFERROR(VLOOKUP(A29,'Tổng,SUMMARY'!C:D,2,0),) -> KS-881057 | C29: 46297 | E29: 4800
A30: TR354288 | B30: =IFERROR(VLOOKUP(A30,'Tổng,SUMMARY'!C:D,2,0),) -> KS-880753 | C30: 46297 | E30: 3600 | F30: hàng hyun
A31: TR354952 | B31: =IFERROR(VLOOKUP(A31,'Tổng,SUMMARY'!C:D,2,0),) -> KS-880944 | C31: 46297 | E31: 3600 | F31: hàng hyun
A32: TR352561 | B32: =IFERROR(VLOOKUP(A32,'Tổng,SUMMARY'!C:D,2,0),) -> KS-8303 | C32: 46297 | E32: 3600 | F32: hàng hyun
A33: TR350031 | B33: =IFERROR(VLOOKUP(A33,'Tổng,SUMMARY'!C:D,2,0),) -> KS-8605 | C33: 46297 | E33: -3600 | F33: hàng hyun
A34: TR356061 | B34: =IFERROR(VLOOKUP(A34,'Tổng,SUMMARY'!C:D,2,0),) -> KS-871270 | C34: 46298 | E34: 850
A35: TR356346 | B35: =IFERROR(VLOOKUP(A35,'Tổng,SUMMARY'!C:D,2,0),) -> KS-881362 | C35: 46298 | E35: 1200
A36: TR355136 | B36: =IFERROR(VLOOKUP(A36,'Tổng,SUMMARY'!C:D,2,0),) -> KS-881041 | C36: 46298 | E36: =100+1200 -> 1300
A37: TR354952 | B37: =IFERROR(VLOOKUP(A37,'Tổng,SUMMARY'!C:D,2,0),) -> KS-880944 | C37: 46298 | E37: 1000
A38: TR353125 | B38: =IFERROR(VLOOKUP(A38,'Tổng,SUMMARY'!C:D,2,0),) -> KS-8809 | C38: 46298 | E38: 1200
A39: TR355199 | B39: =IFERROR(VLOOKUP(A39,'Tổng,SUMMARY'!C:D,2,0),) -> KS-881047 | C39: 46298 | E39: 1200
A40: TR356620 | B40: =IFERROR(VLOOKUP(A40,'Tổng,SUMMARY'!C:D,2,0),) -> KS-890195 | C40: 46298 | E40: =780+780+780 -> 2340
A41: TR355208 | B41: =IFERROR(VLOOKUP(A41,'Tổng,SUMMARY'!C:D,2,0),) -> KS-881057 | C41: 46298 | E41: =700+6000 -> 6700
A42: TR356300 | B42: =IFERROR(VLOOKUP(A42,'Tổng,SUMMARY'!C:D,2,0),) -> KS-881462 | C42: 46298 | E42: =2200+1000 -> 3200
A43: TR352431 | B43: =IFERROR(VLOOKUP(A43,'Tổng,SUMMARY'!C:D,2,0),) -> KS-880374 | C43: 46298 | E43: 3400
A44: TR356505 | B44: =IFERROR(VLOOKUP(A44,'Tổng,SUMMARY'!C:D,2,0),) -> KS-881527 | C44: 46298 | E44: =1200+700 -> 1900
A45: TR355918 | B45: =IFERROR(VLOOKUP(A45,'Tổng,SUMMARY'!C:D,2,0),) -> KS-881300 | C45: 46298 | E45: 250
A46: TR355876 | B46: =IFERROR(VLOOKUP(A46,'Tổng,SUMMARY'!C:D,2,0),) -> KS-880104 | C46: 46298 | E46: 500
A47: TR300155 | B47: =IFERROR(VLOOKUP(A47,'Tổng,SUMMARY'!C:D,2,0),) -> KS-8503 | C47: 46298 | E47: 3600 | F47: hàng hyun
A48: TR352327 | B48: =IFERROR(VLOOKUP(A48,'Tổng,SUMMARY'!C:D,2,0),) -> KS-880372 | C48: 46298 | E48: 2400 | F48: hàng hyun
A49: TR352561 | B49: =IFERROR(VLOOKUP(A49,'Tổng,SUMMARY'!C:D,2,0),) -> KS-8303 | C49: 46298 | E49: 3600 | F49: hàng hyun
A50: TR356300 | B50: =IFERROR(VLOOKUP(A50,'Tổng,SUMMARY'!C:D,2,0),) -> KS-881462 | C50: 46299 | E50: =500+900+1100 -> 2500
A51: TR352431 | B51: =IFERROR(VLOOKUP(A51,'Tổng,SUMMARY'!C:D,2,0),) -> KS-880374 | C51: 46299 | E51: 2400
A52: TR356346 | B52: =IFERROR(VLOOKUP(A52,'Tổng,SUMMARY'!C:D,2,0),) -> KS-881362 | C52: 46299 | E52: 1200
A53: TR351649 | B53: =IFERROR(VLOOKUP(A53,'Tổng,SUMMARY'!C:D,2,0),) -> KS-880104 | C53: 46299 | E53: 2400
A54: TR356463 | B54: =IFERROR(VLOOKUP(A54,'Tổng,SUMMARY'!C:D,2,0),) -> KS-890209 | C54: 46299 | E54: =780+780+750 -> 2310
A55: TR356620 | B55: =IFERROR(VLOOKUP(A55,'Tổng,SUMMARY'!C:D,2,0),) -> KS-890195 | C55: 46299 | E55: =780+780+630+750 -> 2940
A56: TR354952 | B56: =IFERROR(VLOOKUP(A56,'Tổng,SUMMARY'!C:D,2,0),) -> KS-880944 | C56: 46299 | E56: 3600
A57: TR354759 | B57: =IFERROR(VLOOKUP(A57,'Tổng,SUMMARY'!C:D,2,0),) -> KS-880910 | C57: 46299 | E57: =1200+3600 -> 4800
A58: TR356379 | B58: =IFERROR(VLOOKUP(A58,'Tổng,SUMMARY'!C:D,2,0),) -> KS-871382 | C58: 46299 | E58: 950
A59: TR354952 | B59: =IFERROR(VLOOKUP(A59,'Tổng,SUMMARY'!C:D,2,0),) -> KS-880944 | C59: 46300 | E59: 600
A60: TR356300 | B60: =IFERROR(VLOOKUP(A60,'Tổng,SUMMARY'!C:D,2,0),) -> KS-881462 | C60: 46300 | E60: =300+1000+1200+1100+2700 -> 6300
A61: TR356379 | B61: =IFERROR(VLOOKUP(A61,'Tổng,SUMMARY'!C:D,2,0),) -> KS-871382 | C61: 46300 | E61: 1200
A62: TR352431 | B62: =IFERROR(VLOOKUP(A62,'Tổng,SUMMARY'!C:D,2,0),) -> KS-880374 | C62: 46300 | E62: 1100
A63: TR353145 | B63: =IFERROR(VLOOKUP(A63,'Tổng,SUMMARY'!C:D,2,0),) -> KS-89038 | C63: 46300 | E63: 360
A64: TR355576 | B64: =IFERROR(VLOOKUP(A64,'Tổng,SUMMARY'!C:D,2,0),) -> KS-870996 | C64: 46300 | E64: =1950+950+950 -> 3850
A65: TR355199 | B65: =IFERROR(VLOOKUP(A65,'Tổng,SUMMARY'!C:D,2,0),) -> KS-881047 | C65: 46300 | E65: =1200+1150 -> 2350
A66: TR353125 | B66: =IFERROR(VLOOKUP(A66,'Tổng,SUMMARY'!C:D,2,0),) -> KS-8809 | C66: 46300 | E66: =2400+650 -> 3050
A67: TR351649 | B67: =IFERROR(VLOOKUP(A67,'Tổng,SUMMARY'!C:D,2,0),) -> KS-880104 | C67: 46300 | E67: =2200+600 -> 2800
A68: TR354759 | B68: =IFERROR(VLOOKUP(A68,'Tổng,SUMMARY'!C:D,2,0),) -> KS-880910 | C68: 46300 | E68: 7200
A69: TR352327 | B69: =IFERROR(VLOOKUP(A69,'Tổng,SUMMARY'!C:D,2,0),) -> KS-880372 | C69: 46300 | E69: =2400+2400 -> 4800 | F69: hàng hyun
A70: TR354952 | B70: =IFERROR(VLOOKUP(A70,'Tổng,SUMMARY'!C:D,2,0),) -> KS-880944 | C70: 46300 | E70: 3600 | F70: hàng hyun
A71: TR354914 | B71: =IFERROR(VLOOKUP(A71,'Tổng,SUMMARY'!C:D,2,0),) -> KS-880959 | C71: 46301 | E71: 150 | F71: hàng hyun
A72: TR354288 | B72: =IFERROR(VLOOKUP(A72,'Tổng,SUMMARY'!C:D,2,0),) -> KS-880753 | C72: 46301 | E72: =3600+3600 -> 7200 | F72: hàng hyun
A73: TR300155 | B73: =IFERROR(VLOOKUP(A73,'Tổng,SUMMARY'!C:D,2,0),) -> KS-8503 | C73: 46301 | E73: 3600 | F73: hàng hyun
A74: TR354952 | B74: =IFERROR(VLOOKUP(A74,'Tổng,SUMMARY'!C:D,2,0),) -> KS-880944 | C74: 46301 | E74: 3600 | F74: hàng hyun
A75: TR350031 | B75: =IFERROR(VLOOKUP(A75,'Tổng,SUMMARY'!C:D,2,0),) -> KS-8605 | C75: 46301 | E75: 3600 | F75: hàng hyun
A76: TR355134 | B76: =IFERROR(VLOOKUP(A76,'Tổng,SUMMARY'!C:D,2,0),) -> KS-89069 | C76: 46301 | E76: 2160 | F76: hàng hyun
A77: TR354759 | B77: =IFERROR(VLOOKUP(A77,'Tổng,SUMMARY'!C:D,2,0),) -> KS-880910 | C77: 46301 | E77: 1200
A78: TR351649 | B78: =IFERROR(VLOOKUP(A78,'Tổng,SUMMARY'!C:D,2,0),) -> KS-880104 | C78: 46301 | E78: 1000
A79: TR356379 | B79: =IFERROR(VLOOKUP(A79,'Tổng,SUMMARY'!C:D,2,0),) -> KS-871382 | C79: 46301 | E79: =1200+550 -> 1750
A80: TR356505 | B80: =IFERROR(VLOOKUP(A80,'Tổng,SUMMARY'!C:D,2,0),) -> KS-881527 | C80: 46301 | E80: 400
A81: TR352431 | B81: =IFERROR(VLOOKUP(A81,'Tổng,SUMMARY'!C:D,2,0),) -> KS-880374 | C81: 46301 | E81: 1200
A82: TR356463 | B82: =IFERROR(VLOOKUP(A82,'Tổng,SUMMARY'!C:D,2,0),) -> KS-890209 | C82: 46301 | E82: =780+780 -> 1560
A83: TR356620 | B83: =IFERROR(VLOOKUP(A83,'Tổng,SUMMARY'!C:D,2,0),) -> KS-890195 | C83: 46301 | E83: =780+450 -> 1230
A84: TR356346 | B84: =IFERROR(VLOOKUP(A84,'Tổng,SUMMARY'!C:D,2,0),) -> KS-881362 | C84: 46301 | E84: 2400
A85: TR355576 | B85: =IFERROR(VLOOKUP(A85,'Tổng,SUMMARY'!C:D,2,0),) -> KS-870996 | C85: 46301 | E85: 1250
A86: TR354300 | B86: =IFERROR(VLOOKUP(A86,'Tổng,SUMMARY'!C:D,2,0),) -> KS-880754 | C86: 46301 | E86: =1200+1150+3500 -> 5850
A87: TR354011 | B87: =IFERROR(VLOOKUP(A87,'Tổng,SUMMARY'!C:D,2,0),) -> KS-880624 | C87: 46301 | E87: 300
A88: TR356300 | B88: =IFERROR(VLOOKUP(A88,'Tổng,SUMMARY'!C:D,2,0),) -> KS-881462 | C88: 46302 | E88: =800+600+1200 -> 2600
A89: TR354300 | B89: =IFERROR(VLOOKUP(A89,'Tổng,SUMMARY'!C:D,2,0),) -> KS-880754 | C89: 46302 | E89: 1200
A90: TR355669 | B90: =IFERROR(VLOOKUP(A90,'Tổng,SUMMARY'!C:D,2,0),) -> KS-871056 | C90: 46302 | E90: 1200
A91: TR356620 | B91: =IFERROR(VLOOKUP(A91,'Tổng,SUMMARY'!C:D,2,0),) -> KS-890195 | C91: 46302 | E91: =780+780+780+780 -> 3120
A92: TR356463 | B92: =IFERROR(VLOOKUP(A92,'Tổng,SUMMARY'!C:D,2,0),) -> KS-890209 | C92: 46302 | E92: =180+570 -> 750
A93: TR353784 | B93: =IFERROR(VLOOKUP(A93,'Tổng,SUMMARY'!C:D,2,0),) -> KS-870247 | C93: 46302 | E93: 2350
A94: TR356391 | B94: =IFERROR(VLOOKUP(A94,'Tổng,SUMMARY'!C:D,2,0),) -> KS-881483 | C94: 46302 | E94: =200+1150 -> 1350
A95: TR356346 | B95: =IFERROR(VLOOKUP(A95,'Tổng,SUMMARY'!C:D,2,0),) -> KS-881362 | C95: 46302 | E95: =1200+1150 -> 2350
A96: TR354011 | B96: =IFERROR(VLOOKUP(A96,'Tổng,SUMMARY'!C:D,2,0),) -> KS-880624 | C96: 46302 | E96: =1200+800 -> 2000
A97: TR354759 | B97: =IFERROR(VLOOKUP(A97,'Tổng,SUMMARY'!C:D,2,0),) -> KS-880910 | C97: 46302 | E97: =1200+1200+1200+600+1200 -> 5400
A98: TR354288 | B98: =IFERROR(VLOOKUP(A98,'Tổng,SUMMARY'!C:D,2,0),) -> KS-880753 | C98: 46302 | E98: 3600 | F98: hàng hyun
A99: TR355134 | B99: =IFERROR(VLOOKUP(A99,'Tổng,SUMMARY'!C:D,2,0),) -> KS-89069 | C99: 46302 | E99: 2160 | F99: hàng hyun
A100: TR351317 | B100: =IFERROR(VLOOKUP(A100,'Tổng,SUMMARY'!C:D,2,0),) -> KS-87049 | C100: 46302 | E100: 2050 | F100: hàng hyun
A101: TR355918 | B101: =IFERROR(VLOOKUP(A101,'Tổng,SUMMARY'!C:D,2,0),) -> KS-881300 | C101: 46302 | E101: 1000 | F101: hàng hyun
A102: TR352327 | B102: =IFERROR(VLOOKUP(A102,'Tổng,SUMMARY'!C:D,2,0),) -> KS-880372 | C102: 46302 | E102: 2400 | F102: hàng hyun
...

Sheet  Xuất kho 출
A2: (OUTPUT)
A4: CODE | B4: DESCRIPTION | C4: DATE | D4: Lot No | E4: Qty | F4: Remark
E5: =+SUBTOTAL(9,E6:E893) -> 492610
A6: TR355713 | B6: =IFERROR(VLOOKUP(A6,'Tổng,SUMMARY'!C:D,2,0),) -> KS-870270 | C6: 46296 | E6: 1200
A7: TR352536 | B7: =IFERROR(VLOOKUP(A7,'Tổng,SUMMARY'!C:D,2,0),) -> KS-870317 | C7: 46296 | E7: 500
A8: TR351833 | B8: =IFERROR(VLOOKUP(A8,'Tổng,SUMMARY'!C:D,2,0),) -> KS-870253 | C8: 46296 | E8: 500
A9: TR356716 | B9: =IFERROR(VLOOKUP(A9,'Tổng,SUMMARY'!C:D,2,0),) -> KS-880975 | C9: 46296 | E9: 900
A10: TR352558 | B10: =IFERROR(VLOOKUP(A10,'Tổng,SUMMARY'!C:D,2,0),) -> KS-880373 | C10: 46297 | E10: 400
A11: TR355918 | B11: =IFERROR(VLOOKUP(A11,'Tổng,SUMMARY'!C:D,2,0),) -> KS-881300 | C11: 46297 | E11: =2000+2000 -> 4000
A12: TR354738 | B12: =IFERROR(VLOOKUP(A12,'Tổng,SUMMARY'!C:D,2,0),) -> KS-880575 | C12: 46297 | E12: 1000
A13: TR355876 | B13: =IFERROR(VLOOKUP(A13,'Tổng,SUMMARY'!C:D,2,0),) -> KS-880104 | C13: 46297 | E13: 2000
A14: TR356061 | B14: =IFERROR(VLOOKUP(A14,'Tổng,SUMMARY'!C:D,2,0),) -> KS-871270 | C14: 46297 | E14: 1000
A15: TR354914 | B15: =IFERROR(VLOOKUP(A15,'Tổng,SUMMARY'!C:D,2,0),) -> KS-880959 | C15: 46297 | E15: 10000
A16: TR352327 | B16: =IFERROR(VLOOKUP(A16,'Tổng,SUMMARY'!C:D,2,0),) -> KS-880372 | C16: 46297 | E16: 10000
A17: TR355918 | B17: =IFERROR(VLOOKUP(A17,'Tổng,SUMMARY'!C:D,2,0),) -> KS-881300 | C17: 46297 | E17: 2000
A18: TR352059 | B18: =IFERROR(VLOOKUP(A18,'Tổng,SUMMARY'!C:D,2,0),) -> KS-880351 | C18: 46297 | E18: 800
A19: TR355208 | B19: =IFERROR(VLOOKUP(A19,'Tổng,SUMMARY'!C:D,2,0),) -> KS-881057 | C19: 46297 | E19: 2400
A20: TR355199 | B20: =IFERROR(VLOOKUP(A20,'Tổng,SUMMARY'!C:D,2,0),) -> KS-881047 | C20: 46297 | E20: 1400
A21: TR356061 | B21: =IFERROR(VLOOKUP(A21,'Tổng,SUMMARY'!C:D,2,0),) -> KS-871270 | C21: 46297 | E21: 1200
A22: TR354809 | B22: =IFERROR(VLOOKUP(A22,'Tổng,SUMMARY'!C:D,2,0),) -> KS-880748 | C22: 46300 | E22: 2000
A23: TR355366 | B23: =IFERROR(VLOOKUP(A23,'Tổng,SUMMARY'!C:D,2,0),) -> KS-89046 | C23: 46300 | E23: 3960
... A119: TR356519 | B119: =IFERROR(VLOOKUP(A119,'Tổng,SUMMARY'!C:D,2,0),) -> KS-881490 | C119: 46312 | E119: 500
A120: TR356955 | B120: KS-881478 | C120: 46312 | E120: 400
A121: TR355682 | B121: =IFERROR(VLOOKUP(A121,'Tổng,SUMMARY'!C:D,2,0),) -> KS-881258(LP) | C121: 46312 | E121: 8000
A122: TR351649 | B122: KS-880104 | C122: 46312 | E122: 2200
A123: TR354395 | B123: KS-880760 | C123: 46312 | E123: 2500
A124: TR354759 | B124: =IFERROR(VLOOKUP(A124,'Tổng,SUMMARY'!C:D,2,0),) -> KS-880910 | C124: 46312 | E124: 15000
A125: TR352902 | B125: =IFERROR(VLOOKUP(A125,'Tổng,SUMMARY'!C:D,2,0),) -> KS-880442 | C125: 46314 | E125: 1000
A126: TR355713 | B126: =IFERROR(VLOOKUP(A126,'Tổng,SUMMARY'!C:D,2,0),) -> KS-870270 | C126: 46314 | E126: 900
A127: TR356463 | B127: =IFERROR(VLOOKUP(A127,'Tổng,SUMMARY'!C:D,2,0),) -> KS-890209 | C127: 46314 | E127: 960
A128: TR356716 | B128: =IFERROR(VLOOKUP(A128,'Tổng,SUMMARY'!C:D,2,0),) -> KS-880975 | C128: 46314 | E128: 400
A129: TR354466 | B129: =IFERROR(VLOOKUP(A129,'Tổng,SUMMARY'!C:D,2,0),) -> KS-89082 | C129: 46314 | E129: 210
A130: TR350031 | B130: =IFERROR(VLOOKUP(A130,'Tổng,SUMMARY'!C:D,2,0),) -> KS-8605 | C130: 46314 | E130: 5000
A131: TR300652 | B131: =IFERROR(VLOOKUP(A131,'Tổng,SUMMARY'!C:D,2,0),) -> KS-86015 | C131: 46314 | E131: 4000
A132: TR354224 | B132: =IFERROR(VLOOKUP(A132,'Tổng,SUMMARY'!C:D,2,0),) -> KS-880731 | C132: 46314 | E132: 10000
A133: TR351690 | B133: =IFERROR(VLOOKUP(A133,'Tổng,SUMMARY'!C:D,2,0),) -> KS-880272 | C133: 46314 | E133: 5800
A134: TR300155 | B134: =IFERROR(VLOOKUP(A134,'Tổng,SUMMARY'!C:D,2,0),) -> KS-8503 | C134: 46314 | E134: 3000
A135: TR352788 | B135: =IFERROR(VLOOKUP(A135,'Tổng,SUMMARY'!C:D,2,0),) -> KS-870247 | C135: 46314 | E135: 1000
... A144: TR354011 | B144: =IFERROR(VLOOKUP(A144,'Tổng,SUMMARY'!C:D,2,0),) -> KS-880624 | C144: 46315 | E144: 5000
B145: =IFERROR(VLOOKUP(A145,'Tổng,SUMMARY'!C:D,2,0),) -> 0
B146: =IFERROR(VLOOKUP(A146,'Tổng,SUMMARY'!C:D,2,0),) -> 0
B147: =IFERROR(VLOOKUP(A147,'Tổng,SUMMARY'!C:D,2,0),) -> 0
B148: =IFERROR(VLOOKUP(A148,'Tổng,SUMMARY'!C:D,2,0),) -> 0
B149: =IFERROR(VLOOKUP(A149,'Tổng,SUMMARY'!C:D,2,0),) -> 0
B150: =IFERROR(VLOOKUP(A150,'Tổng,SUMMARY'!C:D,2,0),) -> 0
B151: =IFERROR(VLOOKUP(A151,'Tổng,SUMMARY'!C:D,2,0),) -> 0
B152: =IFERROR(VLOOKUP(A152,'Tổng,SUMMARY'!C:D,2,0),) -> 0
B153: =IFERROR(VLOOKUP(A153,'Tổng,SUMMARY'!C:D,2,0),) -> 0
B154: =IFERROR(VLOOKUP(A154,'Tổng,SUMMARY'!C:D,2,0),) -> 0
B155: =IFERROR(VLOOKUP(A155,'Tổng,SUMMARY'!C:D,2,0),) -> 0
B156: =IFERROR(VLOOKUP(A156,'Tổng,SUMMARY'!C:D,2,0),) -> 0
... B203: =IFERROR(VLOOKUP(A203,'Tổng,SUMMARY'!C:D,2,0),) -> 0
B1268: =VLOOKUP(A1268,[1]Daily!$A$1:$C$65536,3,FALSE) -> #N/A
B1269: =VLOOKUP(A1269,[1]Daily!$A$1:$C$65536,3,FALSE) -> #N/A
B1270: =VLOOKUP(A1270,[1]Daily!$A$1:$C$65536,3,FALSE) -> #N/A
B1271: =VLOOKUP(A1271,[1]Daily!$A$1:$C$65536,3,FALSE) -> #N/A
B1272: =VLOOKUP(A1272,[1]Daily!$A$1:$C$65536,3,FALSE) -> #N/A
B1273: =VLOOKUP(A1273,[1]Daily!$A$1:$C$65536,3,FALSE) -> #N/A
B1274: =VLOOKUP(A1274,[1]Daily!$A$1:$C$65536,3,FALSE) -> #N/A
B1275: =VLOOKUP(A1275,[1]Daily!$A$1:$C$65536,3,FALSE) -> #N/A
B1276: =VLOOKUP(A1276,[1]Daily!$A$1:$C$65536,3,FALSE) -> #N/A
B1277: =VLOOKUP(A1277,[1]Daily!$A$1:$C$65536,3,FALSE) -> #N/A
B1278: =VLOOKUP(A1278,[1]Daily!$A$1:$C$65536,3,FALSE) -> #N/A
B1279: =VLOOKUP(A1279,[1]Daily!$A$1:$C$65536,3,FALSE) -> #N/A
... B1282: =VLOOKUP(A1282,[1]Daily!$A$1:$C$65536,3,FALSE) -> #N/A

Sheet Tổng,SUMMARY
B1: TỔNG HỢP KHO THÀNH PHẨM THÁNG 10/2026 2026년/ 10월 완제품 현황
B2: 46316
B3: Item | C3: 전산코드 Mã ERP | D3: 모델명 Model | E3: 주요 출하 고객/ Khách hàng | F3: 온도 Nhiệt độ | G3: 박스단위 Quy cách ĐG | H3: Rev No. | I3: 사용장비 Máy | J3: 전월 재고 TỒN ĐẦU KỲ 30.09 | K3: 입고 Nhập | L3: 출고 XUẤT | Q3: 양품 재고 FG WH | S3: tồn thực tế tháng trk
L4: Xuất bán (Sales) | M4: Wait shipment | N4: Xuất Nội bộ (QA,nghiền) | O4: Xuất Mẫu (Sample)
B5: TRAY | C5: TR300011 | D5: KS-8205 | F5: 125140 | G5: M(50) | H5: Rev06 | J5: 0 | K5: =+SUMIF('Nhập kho 입'!A:A,C5,'Nhập kho 입'!E:E) -> 0 | L5: =+SUMIF(' Xuất kho 출'!A:A,C5,' Xuất kho 출'!E:E) -> 0 | O5: 0 | Q5: =+J5+K5-L5-N5 -> 0 | T5: =+R5-Q5 -> 0
B6: TRAY | C6: TR351822 | D6: KS-8212 | E6: ATP | F6: K/150 | G6: M(50) | H6: Rev03 | J6: 900 | K6: =+SUMIF('Nhập kho 입'!A:A,C6,'Nhập kho 입'!E:E) -> 0 | L6: =+SUMIF(' Xuất kho 출'!A:A,C6,' Xuất kho 출'!E:E) -> 0 | O6: 0 | Q6: =+J6+K6-L6-N6 -> 900 | R6: =18*50 -> 900 | T6: =+R6-Q6 -> 0
B7: TRAY | C7: TR352561 | D7: KS-8303 | E7: ASEM | F7: K/140 | G7: M(50) | H7: Rev03 | I7: 200Ton | J7: 0 | K7: =+SUMIF('Nhập kho 입'!A:A,C7,'Nhập kho 입'!E:E) -> 11750 | L7: =+SUMIF(' Xuất kho 출'!A:A,C7,' Xuất kho 출'!E:E) -> 0 | O7: 0 | Q7: =+J7+K7-L7-N7 -> 11750 | T7: =+R7-Q7 -> -11750
B8: TRAY | C8: TR300016 | D8: KS-8303 | E8: AMKOR-PH | F8: K/140 | G8: M(50) | H8: Rev03 | J8: 0 | K8: =+SUMIF('Nhập kho 입'!A:A,C8,'Nhập kho 입'!E:E) -> 0 | L8: =+SUMIF(' Xuất kho 출'!A:A,C8,' Xuất kho 출'!E:E) -> 0 | O8: 0 | Q8: =+J8+K8-L8-N8 -> 0 | T8: =+R8-Q8 -> 0
B9: TRAY | C9: TR300673 | D9: KS-8304 | E9: AMKOR-JP | F9: 120150 | G9: M(50) | H9: Rev04 | J9: 400 | K9: =+SUMIF('Nhập kho 입'!A:A,C9,'Nhập kho 입'!E:E) -> 0 | L9: =+SUMIF(' Xuất kho 출'!A:A,C9,' Xuất kho 출'!E:E) -> 0 | O9: 0 | Q9: =+J9+K9-L9-N9 -> 400 | R9: =8*50 -> 400 | T9: =+R9-Q9 -> 0
B10: TRAY | C10: TR351379 | D10: KS-8307 | E10: AMKOR-PH | G10: M(50) | H10: Rev03 | J10: 1550 | K10: =+SUMIF('Nhập kho 입'!A:A,C10,'Nhập kho 입'!E:E) -> 0 | L10: =+SUMIF(' Xuất kho 출'!A:A,C10,' Xuất kho 출'!E:E) -> 0 | O10: 0 | Q10: =+J10+K10-L10-N10 -> 1550 | R10: =200+350+19*50 -> 1500 | T10: =+R10-Q10 -> -50
B11: TRAY | C11: TR300108 | D11: KS-8308 | E11: CARSEM | F11: K/150 | G11: M(50) | H11: Rev01 | J11: 600 | K11: =+SUMIF('Nhập kho 입'!A:A,C11,'Nhập kho 입'!E:E) -> 0 | L11: =+SUMIF(' Xuất kho 출'!A:A,C11,' Xuất kho 출'!E:E) -> 0 | O11: 0 | Q11: =+J11+K11-L11-N11 -> 600 | R11: =4*50+8*50 -> 600 | T11: =+R11-Q11 -> 0
B12: TRAY | C12: TR350607 | D12: KS-84018 | E12: MMY | F12: K/125 | G12: M(100) | H12: Rev.K | J12: 1100 | K12: =+SUMIF('Nhập kho 입'!A:A,C12,'Nhập kho 입'!E:E) -> 0 | L12: =+SUMIF(' Xuất kho 출'!A:A,C12,' Xuất kho 출'!E:E) -> 0 | O12: 0 | Q12: =+J12+K12-L12-N12 -> 1100 | R12: 1100 | T12: =+R12-Q12 -> 0
B13: TRAY | C13: TR351941 | D13: KS-85012 | E13: TOMOE-T | F13: K/140 | G13: M(100) | H13: Rev00 | J13: 4700 | K13: =+SUMIF('Nhập kho 입'!A:A,C13,'Nhập kho 입'!E:E) -> 0 | L13: =+SUMIF(' Xuất kho 출'!A:A,C13,' Xuất kho 출'!E:E) -> 4000 | O13: 0 | Q13: =+J13+K13-L13-N13 -> 700 | R13: =200+3500 -> 3700 | T13: =+R13-Q13 -> 3000
B14: TRAY | C14: TR300155 | D14: KS-8503 | E14: XVIEW | F14: K/150 | G14: M(50) | H14: Rev04 | J14: 0 | K14: =+SUMIF('Nhập kho 입'!A:A,C14,'Nhập kho 입'!E:E) -> 8400 | L14: =+SUMIF(' Xuất kho 출'!A:A,C14,' Xuất kho 출'!E:E) -> 3000 | O14: 0 | Q14: =+J14+K14-L14-N14 -> 5400 | T14: =+R14-Q14 -> -5400
B15: TRAY | C15: TR300652 | D15: KS-86015 | E15: AMKOR-PH | F15: K/150 | G15: M(50) | H15: Rev00 | J15: 2400 | K15: =+SUMIF('Nhập kho 입'!A:A,C15,'Nhập kho 입'!E:E) -> 3600 | L15: =+SUMIF(' Xuất kho 출'!A:A,C15,' Xuất kho 출'!E:E) -> 4000 | O15: 0 | Q15: =+J15+K15-L15-N15 -> 2000 | R15: =39*50+9*50 -> 2400 | T15: =+R15-Q15 -> 400
B16: TRAY | C16: TR357102 | D16: KS-86015 | E16: ATEC | G16: M(50) | H16: Rev00 | J16: 0 | K16: =+SUMIF('Nhập kho 입'!A:A,C16,'Nhập kho 입'!E:E) -> 0 | L16: =+SUMIF(' Xuất kho 출'!A:A,C16,' Xuất kho 출'!E:E) -> 0 | O16: 0 | Q16: =+J16+K16-L16-N16 -> 0 | T16: =+R16-Q16 -> 0
B17: TRAY | C17: TR351120 | D17: KS-86015 | G17: M(50) | H17: Rev00 | J17: 200 | K17: =+SUMIF('Nhập kho 입'!A:A,C17,'Nhập kho 입'!E:E) -> 0 | L17: =+SUMIF(' Xuất kho 출'!A:A,C17,' Xuất kho 출'!E:E) -> 0 | O17: 0 | Q17: =+J17+K17-L17-N17 -> 200 | R17: 200 | T17: =+R17-Q17 -> 0
B18: TRAY | C18: TR352805 | D18: KS-86025 | E18: Tomoe-TH | F18: 125150 | G18: M(50) | H18: Rev00 | I18: 300Ton | J18: 1500 | K18: =+SUMIF('Nhập kho 입'!A:A,C18,'Nhập kho 입'!E:E) -> 0 | L18: =+SUMIF(' Xuất kho 출'!A:A,C18,' Xuất kho 출'!E:E) -> 0 | O18: 0 | Q18: =+J18+K18-L18-N18 -> 1500 | R18: =30*50 -> 1500 | T18: =+R18-Q18 -> 0
B19: TRAY | C19: TR353639 | D19: KS-86028 | E19: ATJ | F19: K/150 | G19: M(50) | H19: Rev00 | J19: 4950 | K19: =+SUMIF('Nhập kho 입'!A:A,C19,'Nhập kho 입'!E:E) -> 0 | L19: =+SUMIF(' Xuất kho 출'!A:A,C19,' Xuất kho 출'!E:E) -> 0 | O19: 0 | Q19: =+J19+K19-L19-N19 -> 4950 | R19: =73*50+24*50+100 -> 4950 | T19: =+R19-Q19 -> 0
B20: TRAY | C20: TR351141 | D20: KS-8603 | F20: 120/150 | G20: M(50) | H20: Rev04 | J20: 3450 | K20: =+SUMIF('Nhập kho 입'!A:A,C20,'Nhập kho 입'!E:E) -> 0 | L20: =+SUMIF(' Xuất kho 출'!A:A,C20,' Xuất kho 출'!E:E) -> 0 | O20: 0 | Q20: =+J20+K20-L20-N20 -> 3450 | R20: =69*50 -> 3450 | T20: =+R20-Q20 -> 0
B21: TRAY | C21: TR352974 | D21: KS-8605 | E21: DHL MY(INTEL) | F21: K/140 | G21: M(50) | H21: Rev00 | I21: 200Ton | J21: 750 | K21: =+SUMIF('Nhập kho 입'!A:A,C21,'Nhập kho 입'!E:E) -> 2850 | L21: =+SUMIF(' Xuất kho 출'!A:A,C21,' Xuất kho 출'!E:E) -> 0 | O21: 0 | Q21: =+J21+K21-L21-N21 -> 3600 | R21: =15*50 -> 750 | T21: =+R21-Q21 -> -2850
B22: TRAY | C22: TR350031 | D22: KS-8605 | E22: Amkor PH | F22: K/140 | G22: M(50) | H22: Rev00 | J22: 1750 | K22: =+SUMIF('Nhập kho 입'!A:A,C22,'Nhập kho 입'!E:E) -> 3600 | L22: =+SUMIF(' Xuất kho 출'!A:A,C22,' Xuất kho 출'!E:E) -> 5000 | O22: 0 | Q22: =+J22+K22-L22-N22 -> 350 | R22: =35*50 -> 1750 | T22: =+R22-Q22 -> 1400
B23: TRAY | C23: TR352031 | D23: KS-870161 | E23: ASE-TW | F23: K/150 | G23: S(50) | H23: Rev01 | J23: 2600 | K23: =+SUMIF('Nhập kho 입'!A:A,C23,'Nhập kho 입'!E:E) -> 700 | L23: =+SUMIF(' Xuất kho 출'!A:A,C23,' Xuất kho 출'!E:E) -> 0 | O23: 0 | Q23: =+J23+K23-L23-N23 -> 3300 | R23: =41*50+11*50 -> 2600 | T23: =+R23-Q23 -> -700
B24: TRAY | C24: TR350605 | D24: KS-870161 | E24: ASE PH | F24: K/150 | G24: S(50) | H24: Rev00 | J24: 1100 | K24: =+SUMIF('Nhập kho 입'!A:A,C24,'Nhập kho 입'!E:E) -> 0 | L24: =+SUMIF(' Xuất kho 출'!A:A,C24,' Xuất kho 출'!E:E) -> 0 | O24: 0 | Q24: =+J24+K24-L24-N24 -> 1100 | R24: =19*50+150 -> 1100 | T24: =+R24-Q24 -> 0
B25: TRAY | C25: TR351434 | D25: KS-870163 | E25: UTAC-TH | F25: K/150 | G25: S(50) | H25: Rev00 | J25: 600 | K25: =+SUMIF('Nhập kho 입'!A:A,C25,'Nhập kho 입'!E:E) -> 0 | L25: =+SUMIF(' Xuất kho 출'!A:A,C25,' Xuất kho 출'!E:E) -> 0 | O25: 0 | Q25: =+J25+K25-L25-N25 -> 600 | R25: =5*50+350 -> 600 | T25: =+R25-Q25 -> 0
B26: TRAY | C26: TR351274 | D26: KS-870163 | F26: K/140 | G26: S(50) | H26: Rev00 | J26: 750 | K26: =+SUMIF('Nhập kho 입'!A:A,C26,'Nhập kho 입'!E:E) -> 0 | L26: =+SUMIF(' Xuất kho 출'!A:A,C26,' Xuất kho 출'!E:E) -> 0 | O26: 0 | Q26: =+J26+K26-L26-N26 -> 750 | R26: =8*50+350 -> 750 | T26: =+R26-Q26 -> 0
B27: TRAY | C27: TR355770 | D27: KS-870197 | E27: ASE-TW | G27: S(50) | H27: Rev00 | J27: 2900 | K27: =+SUMIF('Nhập kho 입'!A:A,C27,'Nhập kho 입'!E:E) -> 0 | L27: =+SUMIF(' Xuất kho 출'!A:A,C27,' Xuất kho 출'!E:E) -> 1500 | O27: 0 | Q27: =+J27+K27-L27-N27 -> 1400 | R27: =56*50 -> 2800 | T27: =+R27-Q27 -> 1400
B28: TRAY | C28: TR354006 | D28: KS-870208 | E28: Tong Hsing | F28: K/140 | G28: M(100) | H28: Rev00 | J28: 100 | K28: =+SUMIF('Nhập kho 입'!A:A,C28,'Nhập kho 입'!E:E) -> 0 | L28: =+SUMIF(' Xuất kho 출'!A:A,C28,' Xuất kho 출'!E:E) -> 0 | O28: 0 | Q28: =+J28+K28-L28-N28 -> 100 | R28: 100 | T28: =+R28-Q28 -> 0
B29: TRAY | C29: TR351743 | D29: KS-870217 | E29: ADI-MY | F29: K/150 | G29: M(50) | H29: Rev00 | J29: 1250 | K29: =+SUMIF('Nhập kho 입'!A:A,C29,'Nhập kho 입'!E:E) -> 0 | L29: =+SUMIF(' Xuất kho 출'!A:A,C29,' Xuất kho 출'!E:E) -> 0 | O29: 0 | Q29: =+J29+K29-L29-N29 -> 1250 | R29: =25*50 -> 1250 | T29: =+R29-Q29 -> 0
B30: TRAY | C30: TR351886 | D30: KS-870217 | E30: Anstek | G30: M(50) | H30: Rev00 | J30: 0 | K30: =+SUMIF('Nhập kho 입'!A:A,C30,'Nhập kho 입'!E:E) -> 0 | L30: =+SUMIF(' Xuất kho 출'!A:A,C30,' Xuất kho 출'!E:E) -> 0 | O30: 0 | Q30: =+J30+K30-L30-N30 -> 0 | T30: =+R30-Q30 -> 0
B31: TRAY | C31: TR356704 | D31: KS-881608 | E31: SPIL BUYER | F31: K/140 | G31: M(50) | H31: Rev00 | J31: 0 | K31: =+SUMIF('Nhập kho 입'!A:A,C31,'Nhập kho 입'!E:E) -> 500 | L31: =+SUMIF(' Xuất kho 출'!A:A,C31,' Xuất kho 출'!E:E) -> 200 | O31: 0 | Q31: =+J31+K31-L31-N31 -> 300 | T31: =+R31-Q31 -> -300
B32: TRAY | C32: TR355714 | D32: KS-870234 | E32: ADI-MY | G32: M(50) | H32: Rev00 | J32: 5600 | K32: =+SUMIF('Nhập kho 입'!A:A,C32,'Nhập kho 입'!E:E) -> 0 | L32: =+SUMIF(' Xuất kho 출'!A:A,C32,' Xuất kho 출'!E:E) -> 0 | O32: 0 | Q32: =+J32+K32-L32-N32 -> 5600 | R32: =19*50+17*50+8*50+68*50 -> 5600 | T32: =+R32-Q32 -> 0
B33: TRAY | C33: TR353784 | D33: KS-870247 | E33: ASE TEST | F33: K/150 | G33: S(50) | H33: Rev00 | J33: 300 | K33: =+SUMIF('Nhập kho 입'!A:A,C33,'Nhập kho 입'!E:E) -> 5200 | L33: =+SUMIF(' Xuất kho 출'!A:A,C33,' Xuất kho 출'!E:E) -> 3800 | O33: 0 | Q33: =+J33+K33-L33-N33 -> 1700 | R33: =6*50 -> 300 | T33: =+R33-Q33 -> -1400
B34: TRAY | C34: TR352788 | D34: KS-870247 | E34: TOMOE-T | F34: K/150 | G34: S(50) | H34: Rev00 | J34: 50 | K34: =+SUMIF('Nhập kho 입'!A:A,C34,'Nhập kho 입'!E:E) -> 3350 | L34: =+SUMIF(' Xuất kho 출'!A:A,C34,' Xuất kho 출'!E:E) -> 1000 | O34: 0 | Q34: =+J34+K34-L34-N34 -> 2400 | R34: 50 | T34: =+R34-Q34 -> -2350
B35: TRAY | C35: TR356413 | D35: KS-881478 | E35: ASE-TW | G35: M(50) | J35: 0 | K35: =+SUMIF('Nhập kho 입'!A:A,C35,'Nhập kho 입'!E:E) -> 1700 | L35: =+SUMIF(' Xuất kho 출'!A:A,C35,' Xuất kho 출'!E:E) -> 400 | O35: 0 | Q35: =+J35+K35-L35-N35 -> 1300 | R35: 50 | T35: =+R35-Q35 -> -1250
B36: TRAY | C36: TR351902 | D36: KS-870252 | E36: VALLEN | G36: S(50) | H36: Rev00 | J36: 1050 | K36: =+SUMIF('Nhập kho 입'!A:A,C36,'Nhập kho 입'!E:E) -> 0 | L36: =+SUMIF(' Xuất kho 출'!A:A,C36,' Xuất kho 출'!E:E) -> 0 | O36: 0 | Q36: =+J36+K36-L36-N36 -> 1050 | R36: =21*50 -> 1050 | T36: =+R36-Q36 -> 0
B37: TRAY | C37: TR354314 | D37: KS-870252 | E37: ASE TEST | G37: S(50) | H37: Rev00 | J37: 0 | K37: =+SUMIF('Nhập kho 입'!A:A,C37,'Nhập kho 입'!E:E) -> 1000 | L37: =+SUMIF(' Xuất kho 출'!A:A,C37,' Xuất kho 출'!E:E) -> 0 | Q37: =+J37+K37-L37-N37 -> 1000
B38: TRAY | C38: TR352461 | D38: KS-870252 | E38: AMKOR CN | G38: S(50) | H38: Rev00 | J38: 500 | K38: =+SUMIF('Nhập kho 입'!A:A,C38,'Nhập kho 입'!E:E) -> 0 | L38: =+SUMIF(' Xuất kho 출'!A:A,C38,' Xuất kho 출'!E:E) -> 0 | O38: 0 | Q38: =+J38+K38-L38-N38 -> 500 | R38: 500 | T38: =+R38-Q38 -> 0
B39: TRAY | C39: TR351833 | D39: KS-870253 | E39: ADI-MY | G39: M(50) | H39: Rev00 | J39: 1750 | K39: =+SUMIF('Nhập kho 입'!A:A,C39,'Nhập kho 입'!E:E) -> 0 | L39: =+SUMIF(' Xuất kho 출'!A:A,C39,' Xuất kho 출'!E:E) -> 500 | O39: 0 | Q39: =+J39+K39-L39-N39 -> 1250 | R39: =200+35*50 -> 1950 | T39: =+R39-Q39 -> 700
B40: TRAY | C40: TR354280 | D40: KS-870264 | E40: UTAC-TH | F40: K/150 | G40: S(50) | H40: Rev00 | J40: 1650 | K40: =+SUMIF('Nhập kho 입'!A:A,C40,'Nhập kho 입'!E:E) -> 0 | L40: =+SUMIF(' Xuất kho 출'!A:A,C40,' Xuất kho 출'!E:E) -> 0 | O40: 0 | Q40: =+J40+K40-L40-N40 -> 1650 | R40: =33*50 -> 1650 | T40: =+R40-Q40 -> 0
B41: TRAY | C41: TR351912 | D41: KS-870264 | E41: ASE TW | F41: K/140 | G41: M(50) | H41: Rev00 | J41: 4550 | K41: =+SUMIF('Nhập kho 입'!A:A,C41,'Nhập kho 입'!E:E) -> 0 | L41: =+SUMIF(' Xuất kho 출'!A:A,C41,' Xuất kho 출'!E:E) -> 0 | Q41: =+J41+K41-L41-N41 -> 4550 | R41: =37*50+55*50 -> 4600 | T41: =+R41-Q41 -> 50
B42: TRAY | C42: TR352000 | D42: KS-870264 | E42: ASE-TW | G42: M(50) | H42: Rev00 | J42: 1300 | K42: =+SUMIF('Nhập kho 입'!A:A,C42,'Nhập kho 입'!E:E) -> 0 | L42: =+SUMIF(' Xuất kho 출'!A:A,C42,' Xuất kho 출'!E:E) -> 0 | O42: 0 | Q42: =+J42+K42-L42-N42 -> 1300 | R42: =26*50 -> 1300 | T42: =+R42-Q42 -> 0
B43: TRAY | C43: TR355713 | D43: KS-870270 | E43: ADI-MY | G43: M(50) | H43: Rev02 | J43: 5850 | K43: =+SUMIF('Nhập kho 입'!A:A,C43,'Nhập kho 입'!E:E) -> 0 | L43: =+SUMIF(' Xuất kho 출'!A:A,C43,' Xuất kho 출'!E:E) -> 2100 | O43: 0 | Q43: =+J43+K43-L43-N43 -> 3750 | R43: =3600+45*50 -> 5850 | T43: =+R43-Q43 -> 2100
B44: TRAY | C44: TR352871 | D44: KS-870278 | F44: 125/150 | G44: S(50) | H44: Rev00 | J44: 0 | K44: =+SUMIF('Nhập kho 입'!A:A,C44,'Nhập kho 입'!E:E) -> 0 | L44: =+SUMIF(' Xuất kho 출'!A:A,C44,' Xuất kho 출'!E:E) -> 0 | O44: 0 | Q44: =+J44+K44-L44-N44 -> 0 | T44: =+R44-Q44 -> 0
B45: TRAY | C45: TR353129 | D45: KS-870278 | F45: K/140 | G45: S(50) | H45: Rev00 | J45: 250 | K45: =+SUMIF('Nhập kho 입'!A:A,C45,'Nhập kho 입'!E:E) -> 0 | L45: =+SUMIF(' Xuất kho 출'!A:A,C45,' Xuất kho 출'!E:E) -> 0 | O45: 0 | Q45: =+J45+K45-L45-N45 -> 250 | R45: 250 | T45: =+R45-Q45 -> 0
B46: TRAY | C46: TR352292 | D46: KS-870283 | E46: ATEC-PH | F46: K/150 | G46: S(50) | H46: Rev00 | J46: 500 | K46: =+SUMIF('Nhập kho 입'!A:A,C46,'Nhập kho 입'!E:E) -> 0 | L46: =+SUMIF(' Xuất kho 출'!A:A,C46,' Xuất kho 출'!E:E) -> 0 | O46: 0 | Q46: =+J46+K46-L46-N46 -> 500 | R46: =300+200 -> 500 | T46: =+R46-Q46 -> 0
B47: TRAY | C47: TR351288 | D47: KS-87030 | E47: SKYWORKS | G47: M(50) | H47: Rev01 | J47: 400 | K47: =+SUMIF('Nhập kho 입'!A:A,C47,'Nhập kho 입'!E:E) -> 0 | L47: =+SUMIF(' Xuất kho 출'!A:A,C47,' Xuất kho 출'!E:E) -> 0 | O47: 0 | Q47: =+J47+K47-L47-N47 -> 400 | R47: =8*50 -> 400 | T47: =+R47-Q47 -> 0
B48: TRAY | C48: TR356144 | D48: KS-87031 | E48: TI USA | G48: M(50) | H48: Rev03 | J48: 500 | K48: =+SUMIF('Nhập kho 입'!A:A,C48,'Nhập kho 입'!E:E) -> 0 | L48: =+SUMIF(' Xuất kho 출'!A:A,C48,' Xuất kho 출'!E:E) -> 0 | O48: 0 | Q48: =+J48+K48-L48-N48 -> 500 | R48: 500 | T48: =+R48-Q48 -> 0
B49: TRAY | C49: TR351292 | D49: KS-87031 | E49: SKYWORKS | G49: M(50) | H49: Rev03 | J49: 500 | K49: =+SUMIF('Nhập kho 입'!A:A,C49,'Nhập kho 입'!E:E) -> 0 | L49: =+SUMIF(' Xuất kho 출'!A:A,C49,' Xuất kho 출'!E:E) -> 0 | O49: 0 | Q49: =+J49+K49-L49-N49 -> 500 | R49: 500 | T49: =+R49-Q49 -> 0
B50: TRAY | C50: TR352458 | D50: KS-870313 | F50: K/180 | G50: M(50) | H50: Rev00 | J50: 650 | K50: =+SUMIF('Nhập kho 입'!A:A,C50,'Nhập kho 입'!E:E) -> 0 | L50: =+SUMIF(' Xuất kho 출'!A:A,C50,' Xuất kho 출'!E:E) -> 0 | O50: 0 | Q50: =+J50+K50-L50-N50 -> 650 | R50: =13*50 -> 650 | T50: =+R50-Q50 -> 0
B51: TRAY | C51: TR352536 | D51: KS-870317 | E51: ADI-MY | G51: M(50) | H51: Rev00 | J51: 4900 | K51: =+SUMIF('Nhập kho 입'!A:A,C51,'Nhập kho 입'!E:E) -> 0 | L51: =+SUMIF(' Xuất kho 출'!A:A,C51,' Xuất kho 출'!E:E) -> 900 | O51: 0 | Q51: =+J51+K51-L51-N51 -> 4000 | R51: =32*50+44*50+350+17*50 -> 5000 | T51: =+R51-Q51 -> 1000
B52: TRAY | C52: TR352640 | D52: KS-870325 | E52: ATP | F52: 125/150 | G52: S(50) | H52: Rev00 | J52: 0 | K52: =+SUMIF('Nhập kho 입'!A:A,C52,'Nhập kho 입'!E:E) -> 0 | L52: =+SUMIF(' Xuất kho 출'!A:A,C52,' Xuất kho 출'!E:E) -> 0 | O52: 0 | Q52: =+J52+K52-L52-N52 -> 0 | T52: =+R52-Q52 -> 0
B53: TRAY | C53: TR353911 | D53: KS-870365 | E53: ATP | F53: K/150 | G53: S(50) | H53: Rev00 | J53: 0 | K53: =+SUMIF('Nhập kho 입'!A:A,C53,'Nhập kho 입'!E:E) -> 0 | L53: =+SUMIF(' Xuất kho 출'!A:A,C53,' Xuất kho 출'!E:E) -> 0 | O53: 0 | Q53: =+J53+K53-L53-N53 -> 0 | T53: =+R53-Q53 -> 0
B54: TRAY | C54: TR356877 | D54: KS-870365 | E54: ASE KR | F54: K/150 | G54: S(50) | H54: Rev00 | J54: 550 | K54: =+SUMIF('Nhập kho 입'!A:A,C54,'Nhập kho 입'!E:E) -> 0 | L54: =+SUMIF(' Xuất kho 출'!A:A,C54,' Xuất kho 출'!E:E) -> 0 | Q54: =+J54+K54-L54-N54 -> 550 | R54: =11*50 -> 550 | T54: =+R54-Q54 -> 0
B55: TRAY | C55: TR353380 | D55: KS-870405 | F55: 125140 | G55: M(50) | H55: Rev00 | J55: 450 | K55: =+SUMIF('Nhập kho 입'!A:A,C55,'Nhập kho 입'!E:E) -> 0 | L55: =+SUMIF(' Xuất kho 출'!A:A,C55,' Xuất kho 출'!E:E) -> 0 | O55: 0 | Q55: =+J55+K55-L55-N55 -> 450 | R55: =9*50 -> 450 | T55: =+R55-Q55 -> 0
B56: TRAY | C56: TR353657 | D56: KS-870470 | E56: SKYWORKS | F56: 125140 | G56: M(50) | H56: Rev01 | J56: 450 | K56: =+SUMIF('Nhập kho 입'!A:A,C56,'Nhập kho 입'!E:E) -> 0 | L56: =+SUMIF(' Xuất kho 출'!A:A,C56,' Xuất kho 출'!E:E) -> 0 | O56: 0 | Q56: =+J56+K56-L56-N56 -> 450 | R56: =9*50+50 -> 500 | T56: =+R56-Q56 -> 50
B57: TRAY | C57: TR351313 | D57: KS-87049 | E57: Unisem | F57: K/140 | G57: M(50) | H57: Rev01 | J57: 2550 | K57: =+SUMIF('Nhập kho 입'!A:A,C57,'Nhập kho 입'!E:E) -> 0 | L57: =+SUMIF(' Xuất kho 출'!A:A,C57,' Xuất kho 출'!E:E) -> 0 | O57: 0 | Q57: =+J57+K57-L57-N57 -> 2550 | R57: =9*50+42*50 -> 2550 | T57: =+R57-Q57 -> 0
B58: TRAY | C58: TR351317 | D58: KS-87049 | E58: CARSEM CN | F58: K/150 | G58: M(50) | H58: Rev01 | J58: 350 | K58: =+SUMIF('Nhập kho 입'!A:A,C58,'Nhập kho 입'!E:E) -> 2050 | L58: =+SUMIF(' Xuất kho 출'!A:A,C58,' Xuất kho 출'!E:E) -> 0 | O58: 0 | Q58: =+J58+K58-L58-N58 -> 2400 | R58: =7*50 -> 350 | T58: =+R58-Q58 -> -2050
B59: TRAY | C59: TR353729 | D59: KS-870492 | E59: Solstice | F59: K/140 | G59: M(100) | H59: Rev00 | J59: 200 | K59: =+SUMIF('Nhập kho 입'!A:A,C59,'Nhập kho 입'!E:E) -> 0 | L59: =+SUMIF(' Xuất kho 출'!A:A,C59,' Xuất kho 출'!E:E) -> 0 | O59: 0 | Q59: =+J59+K59-L59-N59 -> 200 | R59: 200 | T59: =+R59-Q59 -> 0
B60: TRAY | C60: TR353809 | D60: KS-870498 | F60: 125140 | G60: M(50) | H60: Rev00 | J60: 0 | K60: =+SUMIF('Nhập kho 입'!A:A,C60,'Nhập kho 입'!E:E) -> 0 | L60: =+SUMIF(' Xuất kho 출'!A:A,C60,' Xuất kho 출'!E:E) -> 0 | O60: 0 | Q60: =+J60+K60-L60-N60 -> 0 | T60: =+R60-Q60 -> 0
B61: TRAY | C61: TR353823 | D61: KS-870499 | F61: 125140 | G61: M(50) | H61: Rev00 | J61: 800 | K61: =+SUMIF('Nhập kho 입'!A:A,C61,'Nhập kho 입'!E:E) -> 0 | L61: =+SUMIF(' Xuất kho 출'!A:A,C61,' Xuất kho 출'!E:E) -> 0 | O61: 0 | Q61: =+J61+K61-L61-N61 -> 800 | R61: =16*50 -> 800 | T61: =+R61-Q61 -> 0
B62: TRAY | C62: TR356738 | D62: KS-870500 | F62: 125140 | G62: S(50) | H62: Rev01 | J62: 1000 | K62: =+SUMIF('Nhập kho 입'!A:A,C62,'Nhập kho 입'!E:E) -> 0 | L62: =+SUMIF(' Xuất kho 출'!A:A,C62,' Xuất kho 출'!E:E) -> 0 | O62: 0 | Q62: =+J62+K62-L62-N62 -> 1000 | R62: =500+500 -> 1000 | T62: =+R62-Q62 -> 0
B63: TRAY | C63: TR353788 | D63: KS-870501 | F63: 125140 | G63: M(50) | H63: Rev00 | I63: 200Ton | J63: 0 | K63: =+SUMIF('Nhập kho 입'!A:A,C63,'Nhập kho 입'!E:E) -> 0 | L63: =+SUMIF(' Xuất kho 출'!A:A,C63,' Xuất kho 출'!E:E) -> 0 | O63: 0 | Q63: =+J63+K63-L63-N63 -> 0 | T63: =+R63-Q63 -> 0
B64: TRAY | C64: TR353886 | D64: KS-870505 | F64: 125140 | G64: M(50) | H64: Rev00 | I64: 200Ton | J64: 0 | K64: =+SUMIF('Nhập kho 입'!A:A,C64,'Nhập kho 입'!E:E) -> 0 | L64: =+SUMIF(' Xuất kho 출'!A:A,C64,' Xuất kho 출'!E:E) -> 0 | O64: 0 | Q64: =+J64+K64-L64-N64 -> 0 | T64: =+R64-Q64 -> 0
B65: TRAY | C65: TR354070 | D65: KS-870541 | E65: ONSEMI | G65: M(50) | H65: Rev00 | J65: 0 | K65: =+SUMIF('Nhập kho 입'!A:A,C65,'Nhập kho 입'!E:E) -> 0 | L65: =+SUMIF(' Xuất kho 출'!A:A,C65,' Xuất kho 출'!E:E) -> 0 | O65: 0 | Q65: =+J65+K65-L65-N65 -> 0 | T65: =+R65-Q65 -> 0
B66: TRAY | C66: TR354066 | D66: KS-870549 | E66: AMKOR-PH | G66: S(50) | H66: Rev00 | J66: 500 | K66: =+SUMIF('Nhập kho 입'!A:A,C66,'Nhập kho 입'!E:E) -> 0 | L66: =+SUMIF(' Xuất kho 출'!A:A,C66,' Xuất kho 출'!E:E) -> 0 | O66: 0 | Q66: =+J66+K66-L66-N66 -> 500 | R66: =10*50 -> 500 | T66: =+R66-Q66 -> 0
B67: TRAY | C67: TR354085 | D67: KS-870557 | E67: AMKOR-PH | F67: 125150 | G67: M(50) | H67: Rev00 | J67: 550 | K67: =+SUMIF('Nhập kho 입'!A:A,C67,'Nhập kho 입'!E:E) -> 0 | L67: =+SUMIF(' Xuất kho 출'!A:A,C67,' Xuất kho 출'!E:E) -> 0 | O67: 0 | Q67: =+J67+K67-L67-N67 -> 550 | R67: 550 | T67: =+R67-Q67 -> 0
B68: TRAY | C68: TR354576 | D68: KS-870574 | E68: SKYWORKS | F68: 125140 | G68: S(50) | H68: Rev02 | J68: 1400 | K68: =+SUMIF('Nhập kho 입'!A:A,C68,'Nhập kho 입'!E:E) -> 0 | L68: =+SUMIF(' Xuất kho 출'!A:A,C68,' Xuất kho 출'!E:E) -> 0 | O68: 0 | Q68: =+J68+K68-L68-N68 -> 1400 | R68: =28*50 -> 1400 | T68: =+R68-Q68 -> 0
B69: TRAY | C69: TR354738 | D69: KS-880575 | E69: ONSEMI | F69: K/180 | G69: S(50) | H69: Rev00 | J69: 1100 | K69: =+SUMIF('Nhập kho 입'!A:A,C69,'Nhập kho 입'!E:E) -> 0 | L69: =+SUMIF(' Xuất kho 출'!A:A,C69,' Xuất kho 출'!E:E) -> 1000 | Q69: =+J69+K69-L69-N69 -> 100 | R69: =100+20*50 -> 1100 | T69: =+R69-Q69 -> 1000
B70: TRAY | C70: TR354239 | D70: KS-870582 | E70: ADI-MY | G70: S(50) | H70: Rev00 | J70: 1150 | K70: =+SUMIF('Nhập kho 입'!A:A,C70,'Nhập kho 입'!E:E) -> 0 | L70: =+SUMIF(' Xuất kho 출'!A:A,C70,' Xuất kho 출'!E:E) -> 100 | O70: 0 | Q70: =+J70+K70-L70-N70 -> 1050 | R70: =23*50 -> 1150 | T70: =+R70-Q70 -> 100
B71: TRAY | C71: TR354295 | D71: KS-870604 | E71: AMKOR PH | F71: 125150 | G71: S(50) | H71: Rev00 | J71: 1350 | K71: =+SUMIF('Nhập kho 입'!A:A,C71,'Nhập kho 입'!E:E) -> 0 | L71: =+SUMIF(' Xuất kho 출'!A:A,C71,' Xuất kho 출'!E:E) -> 0 | O71: 0 | Q71: =+J71+K71-L71-N71 -> 1350 | R71: =27*50 -> 1350 | T71: =+R71-Q71 -> 0
B72: TRAY | C72: TR354259 | D72: KS-870618 | E72: SKYWORKS | F72: 125140 | G72: S(50) | H72: Rev00 | J72: 200 | K72: =+SUMIF('Nhập kho 입'!A:A,C72,'Nhập kho 입'!E:E) -> 0 | L72: =+SUMIF(' Xuất kho 출'!A:A,C72,' Xuất kho 출'!E:E) -> 0 | O72: 0 | Q72: =+J72+K72-L72-N72 -> 200 | R72: =4*50 -> 200 | T72: =+R72-Q72 -> 0
B73: TRAY | C73: TR356744 | D73: KS-870618 | F73: 125140 | G73: S(50) | H73: Rev01 | J73: 300 | K73: =+SUMIF('Nhập kho 입'!A:A,C73,'Nhập kho 입'!E:E) -> 0 | L73: =+SUMIF(' Xuất kho 출'!A:A,C73,' Xuất kho 출'!E:E) -> 0 | O73: 0 | Q73: =+J73+K73-L73-N73 -> 300 | R73: 300 | T73: =+R73-Q73 -> 0
B74: TRAY | C74: TR354289 | D74: KS-870632 | E74: SKYWORKS | F74: 125140 | G74: S(50) | H74: Rev00 | J74: 300 | K74: =+SUMIF('Nhập kho 입'!A:A,C74,'Nhập kho 입'!E:E) -> 0 | L74: =+SUMIF(' Xuất kho 출'!A:A,C74,' Xuất kho 출'!E:E) -> 0 | O74: 0 | Q74: =+J74+K74-L74-N74 -> 300 | R74: 300 | T74: =+R74-Q74 -> 0
B75: TRAY | C75: TR354391 | D75: KS-870649 | E75: SKYWORKS | F75: 125140 | G75: S(50) | H75: Rev00 | J75: 1500 | K75: =+SUMIF('Nhập kho 입'!A:A,C75,'Nhập kho 입'!E:E) -> 0 | L75: =+SUMIF(' Xuất kho 출'!A:A,C75,' Xuất kho 출'!E:E) -> 0 | O75: 0 | Q75: =+J75+K75-L75-N75 -> 1500 | R75: =30*50 -> 1500 | T75: =+R75-Q75 -> 0
B76: TRAY | C76: TR354615 | D76: KS-870702 | F76: 125140 | G76: S(50) | J76: 0 | K76: =+SUMIF('Nhập kho 입'!A:A,C76,'Nhập kho 입'!E:E) -> 0 | L76: =+SUMIF(' Xuất kho 출'!A:A,C76,' Xuất kho 출'!E:E) -> 0 | O76: 0 | Q76: =+J76+K76-L76-N76 -> 0 | T76: =+R76-Q76 -> 0
B77: TRAY | C77: TR354679 | D77: KS-870708 | F77: 125140 | G77: S(50) | J77: 0 | K77: =+SUMIF('Nhập kho 입'!A:A,C77,'Nhập kho 입'!E:E) -> 0 | L77: =+SUMIF(' Xuất kho 출'!A:A,C77,' Xuất kho 출'!E:E) -> 0 | O77: 0 | Q77: =+J77+K77-L77-N77 -> 0 | T77: =+R77-Q77 -> 0
B78: TRAY | C78: TR355194 | D78: KS-870801 | E78: UTAC-TH | F78: 125150 | G78: S(50) | H78: Rev00 | J78: 1000 | K78: =+SUMIF('Nhập kho 입'!A:A,C78,'Nhập kho 입'!E:E) -> 0 | L78: =+SUMIF(' Xuất kho 출'!A:A,C78,' Xuất kho 출'!E:E) -> 0 | O78: 0 | Q78: =+J78+K78-L78-N78 -> 1000 | R78: 1000 | T78: =+R78-Q78 -> 0
B79: TRAY | C79: TR355034 | D79: KS-870814 | E79: ASE-TW | G79: S(50) | H79: Rev00 | J79: 850 | K79: =+SUMIF('Nhập kho 입'!A:A,C79,'Nhập kho 입'!E:E) -> 0 | L79: =+SUMIF(' Xuất kho 출'!A:A,C79,' Xuất kho 출'!E:E) -> 0 | O79: 0 | Q79: =+J79+K79-L79-N79 -> 850 | R79: =11*50+300 -> 850 | T79: =+R79-Q79 -> 0
B80: TRAY | C80: TR355080 | D80: KS-870820 | G80: M(50) | H80: Rev00 | J80: 1200 | K80: =+SUMIF('Nhập kho 입'!A:A,C80,'Nhập kho 입'!E:E) -> 0 | L80: =+SUMIF(' Xuất kho 출'!A:A,C80,' Xuất kho 출'!E:E) -> 0 | O80: 0 | Q80: =+J80+K80-L80-N80 -> 1200 | R80: =24*50 -> 1200 | T80: =+R80-Q80 -> 0
B81: TRAY | C81: TR355056 | D81: KS-870827 | E81: Tong Hsing | F81: 125150 | G81: S(50) | H81: Rev00 | I81: 200Ton | J81: 300 | K81: =+SUMIF('Nhập kho 입'!A:A,C81,'Nhập kho 입'!E:E) -> 0 | L81: =+SUMIF(' Xuất kho 출'!A:A,C81,' Xuất kho 출'!E:E) -> 0 | O81: 0 | Q81: =+J81+K81-L81-N81 -> 300 | R81: 300 | T81: =+R81-Q81 -> 0
B82: TRAY | C82: TR355235 | D82: KS-870849 | E82: AMKOR-PH | G82: S(50) | H82: Rev00 | J82: 8100 | K82: =+SUMIF('Nhập kho 입'!A:A,C82,'Nhập kho 입'!E:E) -> 0 | L82: =+SUMIF(' Xuất kho 출'!A:A,C82,' Xuất kho 출'!E:E) -> 0 | Q82: =+J82+K82-L82-N82 -> 8100 | R82: =32*50+50+14*50+43*50+3600 -> 8100 | T82: =+R82-Q82 -> 0
B83: TRAY | C83: TR355198 | D83: KS-870861 | E83: ASE KR | G83: S(50) | H83: Rev00 | J83: 500 | K83: =+SUMIF('Nhập kho 입'!A:A,C83,'Nhập kho 입'!E:E) -> 1200 | L83: =+SUMIF(' Xuất kho 출'!A:A,C83,' Xuất kho 출'!E:E) -> 0 | O83: 0 | Q83: =+J83+K83-L83-N83 -> 1700 | R83: =150+200+150 -> 500 | T83: =+R83-Q83 -> -1200
B84: TRAY | C84: TR355278 | D84: KS-870883 | E84: ILLUMINA | F84: K/150 | G84: S(50) | H84: Rev00 | J84: 500 | K84: =+SUMIF('Nhập kho 입'!A:A,C84,'Nhập kho 입'!E:E) -> 0 | L84: =+SUMIF(' Xuất kho 출'!A:A,C84,' Xuất kho 출'!E:E) -> 0 | O84: 0 | Q84: =+J84+K84-L84-N84 -> 500 | R84: 500 | T84: =+R84-Q84 -> 0
B85: TRAY | C85: TR355286 | D85: KS-870890 | E85: PTI-TW | G85: S(50) | H85: Rev00 | J85: 400 | K85: =+SUMIF('Nhập kho 입'!A:A,C85,'Nhập kho 입'!E:E) -> 0 | L85: =+SUMIF(' Xuất kho 출'!A:A,C85,' Xuất kho 출'!E:E) -> 0 | O85: 0 | Q85: =+J85+K85-L85-N85 -> 400 | R85: =200+200 -> 400 | T85: =+R85-Q85 -> 0
B86: TRAY | C86: TR357033 | D86: KS-870894 | E86: ADI PH | G86: M(50) | H86: Rev00 | J86: 0 | K86: =+SUMIF('Nhập kho 입'!A:A,C86,'Nhập kho 입'!E:E) -> 0 | L86: =+SUMIF(' Xuất kho 출'!A:A,C86,' Xuất kho 출'!E:E) -> 0 | O86: 0 | Q86: =+J86+K86-L86-N86 -> 0 | T86: =+R86-Q86 -> 0
B87: TRAY | C87: TR355298 | D87: KS-870894 | E87: ADI-MY | G87: M(50) | H87: Rev00 | J87: 200 | K87: =+SUMIF('Nhập kho 입'!A:A,C87,'Nhập kho 입'!E:E) -> 0 | L87: =+SUMIF(' Xuất kho 출'!A:A,C87,' Xuất kho 출'!E:E) -> 0 | O87: 0 | Q87: =+J87+K87-L87-N87 -> 200 | R87: 200 | T87: =+R87-Q87 -> 0
B88: TRAY | C88: TR355388 | D88: KS-870943 | F88: 125150 | G88: S(50) | J88: 0 | K88: =+SUMIF('Nhập kho 입'!A:A,C88,'Nhập kho 입'!E:E) -> 0 | L88: =+SUMIF(' Xuất kho 출'!A:A,C88,' Xuất kho 출'!E:E) -> 0 | O88: 0 | Q88: =+J88+K88-L88-N88 -> 0 | T88: =+R88-Q88 -> 0
B89: TRAY | C89: TR355517 | D89: KS-870953 | E89: MICROCHIP | F89: 125140 | G89: M(50) | H89: Rev00 | I89: 300Ton | J89: 950 | K89: =+SUMIF('Nhập kho 입'!A:A,C89,'Nhập kho 입'!E:E) -> 0 | L89: =+SUMIF(' Xuất kho 출'!A:A,C89,' Xuất kho 출'!E:E) -> 200 | O89: 0 | Q89: =+J89+K89-L89-N89 -> 750 | R89: =22*50 -> 1100 | T89: =+R89-Q89 -> 350
B90: TRAY | C90: TR355573 | D90: KS-870990 | F90: 125/150 | G90: S(50) | H90: Rev00 | J90: 200 | K90: =+SUMIF('Nhập kho 입'!A:A,C90,'Nhập kho 입'!E:E) -> 0 | L90: =+SUMIF(' Xuất kho 출'!A:A,C90,' Xuất kho 출'!E:E) -> 0 | O90: 0 | Q90: =+J90+K90-L90-N90 -> 200 | R90: 200 | T90: =+R90-Q90 -> 0
B91: TRAY | C91: TR355576 | D91: KS-870996 | E91: ILLUMINA | F91: 125.150 | G91: (25) | H91: Rev00 | J91: 4050 | K91: =+SUMIF('Nhập kho 입'!A:A,C91,'Nhập kho 입'!E:E) -> 5100 | L91: =+SUMIF(' Xuất kho 출'!A:A,C91,' Xuất kho 출'!E:E) -> 7000 | O91: 0 | Q91: =+J91+K91-L91-N91 -> 2150 | R91: =22*25+52*25+90*25 -> 4100 | T91: =+R91-Q91 -> 1950
B92: TRAY | C92: TR356739 | D92: KS-871055 | E92: AMKOR | G92: S(50) | H92: Rev01 | J92: 350 | K92: =+SUMIF('Nhập kho 입'!A:A,C92,'Nhập kho 입'!E:E) -> 0 | L92: =+SUMIF(' Xuất kho 출'!A:A,C92,' Xuất kho 출'!E:E) -> 0 | O92: 0 | Q92: =+J92+K92-L92-N92 -> 350 | R92: =100+250 -> 350 | T92: =+R92-Q92 -> 0
B93: TRAY | C93: TR355669 | D93: KS-871056 | E93: ASE-TW | F93: 125150 | G93: S(50) | H93: Rev00 | J93: 1400 | K93: =+SUMIF('Nhập kho 입'!A:A,C93,'Nhập kho 입'!E:E) -> 7850 | L93: =+SUMIF(' Xuất kho 출'!A:A,C93,' Xuất kho 출'!E:E) -> 6000 | O93: 0 | Q93: =+J93+K93-L93-N93 -> 3250 | R93: =8*50+50+19*50 -> 1400 | T93: =+R93-Q93 -> -1850
B94: TRAY | C94: TR355792 | D94: KS-871093 | E94: ILLUMINA | F94: 125150 | G94: (S25) | H94: Rev00 | J94: 425 | K94: =+SUMIF('Nhập kho 입'!A:A,C94,'Nhập kho 입'!E:E) -> 0 | L94: =+SUMIF(' Xuất kho 출'!A:A,C94,' Xuất kho 출'!E:E) -> 0 | O94: 0 | Q94: =+J94+K94-L94-N94 -> 425 | R94: =17*25 -> 425 | T94: =+R94-Q94 -> 0
B95: TRAY | C95: TR356061 | D95: KS-871270 | E95: ASE-TW | F95: 125150 | G95: S(50) | H95: Rev00 | J95: 50 | K95: =+SUMIF('Nhập kho 입'!A:A,C95,'Nhập kho 입'!E:E) -> 4350 | L95: =+SUMIF(' Xuất kho 출'!A:A,C95,' Xuất kho 출'!E:E) -> 3000 | Q95: =+J95+K95-L95-N95 -> 1400 | R95: 50 | T95: =+R95-Q95 -> -1350
B96: TRAY | C96: TR356173 | D96: KS-871303 | F96: K/140 | G96: S(50) | H96: Rev00 | J96: 0 | K96: =+SUMIF('Nhập kho 입'!A:A,C96,'Nhập kho 입'!E:E) -> 0 | L96: =+SUMIF(' Xuất kho 출'!A:A,C96,' Xuất kho 출'!E:E) -> 0 | Q96: =+J96+K96-L96-N96 -> 0 | T96: =+R96-Q96 -> 0
B97: TRAY | C97: TR356188 | D97: KS-871319 | E97: AMKOR-PH | G97: S(50) | H97: Rev00 | J97: 2400 | K97: =+SUMIF('Nhập kho 입'!A:A,C97,'Nhập kho 입'!E:E) -> 300 | L97: =+SUMIF(' Xuất kho 출'!A:A,C97,' Xuất kho 출'!E:E) -> 0 | Q97: =+J97+K97-L97-N97 -> 2700 | R97: =48*50 -> 2400 | T97: =+R97-Q97 -> -300
B98: TRAY | C98: TR356215 | D98: KS-871341 | E98: SKYWORKS | G98: S(50) | H98: Rev00 | J98: 600 | K98: =+SUMIF('Nhập kho 입'!A:A,C98,'Nhập kho 입'!E:E) -> 0 | L98: =+SUMIF(' Xuất kho 출'!A:A,C98,' Xuất kho 출'!E:E) -> 0 | Q98: =+J98+K98-L98-N98 -> 600 | R98: =12*50 -> 600 | T98: =+R98-Q98 -> 0
B99: TRAY | C99: TR356228 | D99: KS-871348 | E99: ILLUMINA | F99: K/150 | G99: S(50) | H99: Rev00 | J99: 50 | K99: =+SUMIF('Nhập kho 입'!A:A,C99,'Nhập kho 입'!E:E) -> 0 | L99: =+SUMIF(' Xuất kho 출'!A:A,C99,' Xuất kho 출'!E:E) -> 0 | Q99: =+J99+K99-L99-N99 -> 50 | R99: 100 | T99: =+R99-Q99 -> 50
B100: TRAY | C100: TR356297 | D100: KS-871365 | E100: AMKOR | F100: 125140 | G100: S(50) | H100: Rev00 | J100: 3400 | K100: =+SUMIF('Nhập kho 입'!A:A,C100,'Nhập kho 입'!E:E) -> 0 | L100: =+SUMIF(' Xuất kho 출'!A:A,C100,' Xuất kho 출'!E:E) -> 0 | Q100: =+J100+K100-L100-N100 -> 3400 | R100: =17*50+51*50 -> 3400 | T100: =+R100-Q100 -> 0
...

Sheet Lot
A1: Code | B1: Tên | C1: Lot | D1: Số Lượng | E1: Tồn kho
A2: TR354564 | B2: KS-880822
C3: TV20260823011 | D3: 100
C4: TV20260823010 | D4: 100
C5: TV20261013006 | D5: 100
C6: TV20261013005 | D6: 1200
C9: TV20261010017 | D9: 1200
C10: TV20261010035 | D10: 500
C11: TV20261010016 | D11: 1200
C12: TV20261010036 | D12: 1200
A16: Tổng | D16: =SUM(D2:D15) -> 5600 | E16: =+VLOOKUP(A2,'Tổng,SUMMARY'!C:Q,15,0) -> 5600
A17: TR351743 | B17: KS-870217 | C17: tồn c | D17: 250
C18: TV20260729014 | D18: 1000
A24: Tổng | D24: =SUM(D17:D23) -> 1250 | E24: =+VLOOKUP(A17,'Tổng,SUMMARY'!C:Q,15,0) -> 1250
A25: TR355604 | B25: KS-881163
C26: TV20260821007 | D26: 1100
C27: TV20260822018 | D27: 1200
C28: TV20260826008 | D28: 1200
C29: TV20260826009 | D29: 1200
C30: TV20260831006 | D30: 1200
C31: TV20260825009 | D31: 1200
C32: TV20260827006 | D32: 1200
C33: TV20260829013 | D33: 1000
C34: TV20260827007 | D34: 1200
C35: TV20260821008 | D35: 1200
C36: TV20260828006 | D36: 500
A41: Tổng | D41: =SUM(D25:D40) -> 12200 | E41: =+'Tổng,SUMMARY'!$Q$206 -> 12200
A42: TR355940 | B42: KS-881169 | C42: TỒN CŨ | D42: 200
C45: TV20260829015 | D45: 1200
C46: TV20260831008 | D46: 1200
C47: TV20260827008 | D47: 1200
C48: TV20260828007 | D48: 300
C49: TV20260903012 | D49: 1200
C56: TV20260831025 | D56: 700
C57: TV20260820006 | D57: 1200
C58: TV20260831026 | D58: 1000
C59: TV20260829014 | D59: 1200
A66: Tổng | D66: =SUM(D42:D65) -> 9400 | E66: =+'Tổng,SUMMARY'!$Q$208 -> 9400 | F66: =+E66-D66 -> 0
A67: Code | B67: Tên | C67: Lot | D67: Số Lượng
A68: TR354691 | B68: KS-880887 | C68: TỒN CŨ | D68: 1900
C69: TV20260717003 | D69: 900
C70: TV20260919023 | D70: 1200
C72: TV20260923015 | D72: 900
C73: TV20260921010 | D73: 1200
C76: TV20260921011 | D76: 1200
C77: TV20260923016 | D77: 1000
C78: TV20260928013 | D78: 200
C79: TV20260928014 | D79: 1200
C80: TV20260929032 | D80: 700
C81: TV20260929002 | D81: 700
C82: TV20260929001 | D82: 1200
A83: Tổng | D83: =SUM(D68:D82) -> 12300 | E83: =+'Tổng,SUMMARY'!$Q$170 -> 12300 | F83: =+E83-D83 -> 0
A84: TR355432 | B84: KS-880887 | C84: TV20260730031
A95: Tổng | D95: =SUM(D84:D94) -> 0 | E95: =+VLOOKUP(A90,'Tổng,SUMMARY'!C:Q,15,0) -> #N/A
A96: TR356505 | B96: KS-881527 | C96: TV20261017033 | D96: 1200
C97: TV20260928008 | D97: 50
C98: TV20261008009 | D98: 400
C99: TV20261008008 | D99: 1000
C100: TV20261018018 | D100: 1200
C101: TV20261017005 | D101: 1200
C102: TV20261018019 | D102: 1200
C103: TV20261017032 | D103: 1200
C104: TV20261019017 | D104: 1200
C105: TV20261019016 | D105: 1200
A111: Tổng | D111: =SUM(D96:D110) -> 9850 | E111: =+'Tổng,SUMMARY'!$Q$243 -> 9850 | F111: =+E111-D111 -> 0
A112: TR356028 | B112: KS-881335 | C112: TV20260804016 | D112: 100
C113: TV20260815004 | D113: 100
A117: Tổng | D117: =SUM(D112:D116) -> 200 | E117: =+VLOOKUP(A112,'Tổng,SUMMARY'!C:Q,15,0) -> 200
A118: TR300155 | B118: KS-8503
C119: TV20260824002 | D119: 1200
C120: TV20260824004 | D120: 1200
C121: TV20260824005 | D121: 350
C122: TV20260926016 | D122: 850
C123: TV202600926019 | D123: 600
C124: TV20260926020 | D124: 1200
A132: Tổng | D132: =SUM(D118:D131) -> 5400 | E132: =+'Tổng,SUMMARY'!$Q$14 -> 5400
A133: TR354952 | B133: KS-880944
C134: TV20261007013 | D134: 200
C135: TV20261007012 | D135: 1200
C136: TV20261009004 | D136: 1200
C137: TV20261010003 | D137: 1200
C138: TV20261007013 | D138: 600
C139: TV20261012003 | D139: 1200
C140: TV20261012007 | D140: 1200
C141: TV20261012008 | D141: 1200
C142: TV20261009003 | D142: 1200
C143: TV20261019001 | D143: 1150
C144: TV20261012004 | D144: 1200
C145: TV20261012002 | D145: 2400
... C153: TV20261012008 | D153: 1200
A160: Tổng | D160: =SUM(D133:D159) -> 24750 | E160: =+'Tổng,SUMMARY'!$Q$178 -> 24750 | F160: =+E160-D160 -> 0
A161: TR354914 | B161: KS-880959 | C161: TỒN CŨ | D161: 100
C162: TV20261015007 | D162: 1200
C163: TV20261015008 | D163: 1200
C164: TV20261015010 | D164: 1200
C165: TV20261015012 | D165: 1200
C166: TV20261015011 | D166: 2400
C167: TV20261015014 | D167: 1200
C168: TV20261015015 | D168: 1200
A188: Tổng | D188: =SUM(D161:D187) -> 9700 | E188: =+VLOOKUP(A161,'Tổng,SUMMARY'!C:Q,15,0) -> 9700 | F188: =+D188-E188 -> 0
...

Sheet gia công
D1: 10
A2: Stt | B2: Code | C2: Tên | D2: TT | E2: =DATE(2026,$D$1,1)-1 -> 46295 | F2: =DATE(2026,$D$1,1) -> 46296 | G2: =+F2+1 -> 46297 | H2: =+G2+1 -> 46298 | I2: =+H2+1 -> 46299 | J2: =+I2+1 -> 46300 | K2: =+J2+1 -> 46301 | L2: =+K2+1 -> 46302 | M2: =+L2+1 -> 46303 | N2: =+M2+1 -> 46304 | ... AL2: =+AK2+1 -> 46328
A3: 1 | B3: TR355708 | C3: KS-880827 | D3: =SUM(F3:AL3) -> 0 | AM3: =SUMIF('Nhập kho 입'!A:A,'gia công'!B:B,'Nhập kho 입'!E:E) -> 0 | AN3: =+D3-AM3 -> 0
A4: 2 | B4: TR352327 | C4: KS-880372 | D4: =SUM(F4:AL4) -> 30650 | H4: 2400 | J4: =2400+2400 -> 4800 | L4: 2400 | M4: 2400 | N4: =2400+2400 -> 4800 | Q4: 2400 | R4: 1850 | U4: 2400 | V4: 2400 | X4: 2400 | Y4: 2400 | AM4: =SUMIF('Nhập kho 입'!A:A,'gia công'!B:B,'Nhập kho 입'!E:E) -> 30650 | AN4: =+D4-AM4 -> 0
A5: 3 | B5: TR354914 | C5: KS-880959 | D5: =SUM(F5:AL5) -> 14550 | E5: 7200 | F5: =2400+2400 -> 4800 | K5: 150 | X5: 2400 | Y5: 2400 | Z5: =2400+2400 -> 4800 | AM5: =SUMIF('Nhập kho 입'!A:A,'gia công'!B:B,'Nhập kho 입'!E:E) -> 14550 | AN5: =+D5-AM5 -> 0
A6: 4 | B6: TR354952 | C6: KS-880944 | D6: =SUM(F6:AL6) -> 50400 | E6: 7200 | F6: 3600 | G6: 3600 | J6: 3600 | K6: 3600 | M6: 3600 | N6: 3600 | Q6: 3600 | R6: 3600 | T6: 7200 | U6: 3600 | X6: 3600 | Y6: 3600 | Z6: 3600 | AM6: =SUMIF('Nhập kho 입'!A:A,'gia công'!B:B,'Nhập kho 입'!E:E) -> 74100 | AN6: =+D6-AM6 -> -23700
A7: 5 | B7: TR300652 | C7: KS-86015 | D7: =SUM(F7:AL7) -> 3600 | R7: 3600 | X7: 3600 | Z7: -3600 | AM7: =SUMIF('Nhập kho 입'!A:A,'gia công'!B:B,'Nhập kho 입'!E:E) -> 3600 | AN7: =+D7-AM7 -> 0
A8: 6 | B8: TR357102 | C8: KS-86015 | D8: =SUM(F8:AL8) -> 0 | AM8: =SUMIF('Nhập kho 입'!A:A,'gia công'!B:B,'Nhập kho 입'!E:E) -> 0 | AN8: =+D8-AM8 -> 0
A9: 7 | B9: TR351120 | C9: KS-86015 | D9: =SUM(F9:AL9) -> 0 | AM9: =SUMIF('Nhập kho 입'!A:A,'gia công'!B:B,'Nhập kho 입'!E:E) -> 0 | AN9: =+D9-AM9 -> 0
A10: 8 | B10: TR355136 | C10: KS-881041 | D10: =SUM(F10:AL10) -> 0 | AM10: =SUMIF('Nhập kho 입'!A:A,'gia công'!B:B,'Nhập kho 입'!E:E) -> 16750 | AN10: =+D10-AM10-AO10 -> -16750
A11: 9 | B11: TR354288 | C11: KS-880753 | D11: =SUM(F11:AL11) -> 26550 | E11: 7200 | F11: 3600 | G11: 3600 | K11: =3600+3600 -> 7200 | L11: 3600 | N11: 3600 | R11: 3600 | U11: 1350 | AM11: =SUMIF('Nhập kho 입'!A:A,'gia công'!B:B,'Nhập kho 입'!E:E) -> 26550 | AN11: =+D11-AM11 -> 0
A12: 10 | B12: TR356497 | C12: KS-881512 | D12: =SUM(F12:AL12) -> 21600 | E12: 7200 | F12: 3600 | N12: 3600 | S12: =3600+3600 -> 7200 | V12: 3600 | X12: 3600 | AM12: =SUMIF('Nhập kho 입'!A:A,'gia công'!B:B,'Nhập kho 입'!E:E) -> 21600 | AN12: =+D12-AM12 -> 0
A13: 11 | B13: TR355669 | C13: KS-871056 | D13: =SUM(F13:AL13) -> 0 | AM13: =SUMIF('Nhập kho 입'!A:A,'gia công'!B:B,'Nhập kho 입'!E:E) -> 7850 | AN13: =+D13-AM13 -> -7850
A14: 12 | B14: TR351690 | C14: KS-880272 | D14: =SUM(F14:AL14) -> 0 | AM14: =SUMIF('Nhập kho 입'!A:A,'gia công'!B:B,'Nhập kho 입'!E:E) -> 0 | AN14: =+D14-AM14 -> 0
A15: 13 | B15: TR355235 | C15: KS-870849 | D15: =SUM(F15:AL15) -> 0 | AM15: =SUMIF('Nhập kho 입'!A:A,'gia công'!B:B,'Nhập kho 입'!E:E) -> 0 | AN15: =+D15-AM15 -> 0
A16: 14 | B16: TR300155 | C16: KS-8503 | D16: =SUM(F16:AL16) -> 8400 | H16: 3600 | K16: 3600 | M16: 1200 | AM16: =SUMIF('Nhập kho 입'!A:A,'gia công'!B:B,'Nhập kho 입'!E:E) -> 8400 | AN16: =+D16-AM16 -> 0
A17: 15 | B17: TR356623 | C17: KS-881576 | D17: =SUM(F17:AL17) -> 0 | AM17: =SUMIF('Nhập kho 입'!A:A,'gia công'!B:B,'Nhập kho 입'!E:E) -> 0 | AN17: =+D17-AM17 -> 0
A18: 16 | B18: TR352561 | C18: KS-8303 | D18: =SUM(F18:AL18) -> 11750 | G18: 3600 | H18: 3600 | M18: 3300 | V18: 1250 | AM18: =SUMIF('Nhập kho 입'!A:A,'gia công'!B:B,'Nhập kho 입'!E:E) -> 11750 | AN18: =+D18-AM18 -> 0
A19: 17 | B19: TR300016 | C19: KS-8303 | D19: =SUM(F19:AL19) -> 0 | AM19: =SUMIF('Nhập kho 입'!A:A,'gia công'!B:B,'Nhập kho 입'!E:E) -> 0 | AN19: =+D19-AM19 -> 0
A20: 18 | B20: TR352974 | C20: KS-8605 | D20: =SUM(F20:AL20) -> 2850 | Q20: 2850 | AM20: =SUMIF('Nhập kho 입'!A:A,'gia công'!B:B,'Nhập kho 입'!E:E) -> 2850 | AN20: =+D20-AM20 -> 0
A21: 19 | B21: TR350031 | C21: KS-8605 | D21: =SUM(F21:AL21) -> 3600 | F21: 3600 | G21: -3600 | K21: 3600 | AM21: =SUMIF('Nhập kho 입'!A:A,'gia công'!B:B,'Nhập kho 입'!E:E) -> 3600 | AN21: =+D21-AM21 -> 0
A22: 20 | B22: TR354821 | C22: KS-89069 | D22: =SUM(F22:AL22) -> 0 | AM22: =SUMIF('Nhập kho 입'!A:A,'gia công'!B:B,'Nhập kho 입'!E:E) -> 0 | AN22: =+D22-AM22 -> 0
A23: 21 | B23: TR355134 | C23: KS-89069 | D23: =SUM(F23:AL23) -> 17280 | K23: 2160 | L23: 2160 | N23: 2160 | Q23: 2160 | T23: 2160 | U23: =2160+2160 -> 4320 | V23: 2160 | AM23: =SUMIF('Nhập kho 입'!A:A,'gia công'!B:B,'Nhập kho 입'!E:E) -> 17280 | AN23: =+D23-AM23 -> 0
B24: TR353784 | C24: KS-870247 | D24: =SUM(F24:AL24) -> 0 | AM24: =SUMIF('Nhập kho 입'!A:A,'gia công'!B:B,'Nhập kho 입'!E:E) -> 5200 | AN24: =+D24-AM24 -> -5200
A25: 22 | B25: TR352788 | C25: KS-870247 | D25: =SUM(F25:AL25) -> 0 | AM25: =SUMIF('Nhập kho 입'!A:A,'gia công'!B:B,'Nhập kho 입'!E:E) -> 3350 | AN25: =+D25-AM25 -> -3350
A26: 23 | B26: TR356297 | C26: KS-871365 | D26: =SUM(F26:AL26) -> 0 | AM26: =SUMIF('Nhập kho 입'!A:A,'gia công'!B:B,'Nhập kho 입'!E:E) -> 0 | AN26: =+D26-AM26 -> 0
A27: 24 | B27: TR351313 | C27: KS-87049 | D27: =SUM(F27:AL27) -> 0 | AM27: =SUMIF('Nhập kho 입'!A:A,'gia công'!B:B,'Nhập kho 입'!E:E) -> 0 | AN27: =+D27-AM27 -> 0
A28: 25 | B28: TR351317 | C28: KS-87049 | D28: =SUM(F28:AL28) -> 2050 | L28: 2050 | AM28: =SUMIF('Nhập kho 입'!A:A,'gia công'!B:B,'Nhập kho 입'!E:E) -> 2050 | AN28: =+D28-AM28 -> 0
A29: 26 | B29: TR356580 | C29: KS-881515 | D29: =SUM(F29:AL29) -> 0 | AM29: =SUMIF('Nhập kho 입'!A:A,'gia công'!B:B,'Nhập kho 입'!E:E) -> 0 | AN29: =+D29-AM29 -> 0
A30: 27 | B30: TR355276 | C30: KS-881080 | D30: =SUM(F30:AL30) -> 9050 | Q30: 2000 | R30: =2000+2000 -> 4000 | U30: 2000 | X30: 1050 | AM30: =SUMIF('Nhập kho 입'!A:A,'gia công'!B:B,'Nhập kho 입'!E:E) -> 9050 | AN30: =+D30-AM30 -> 0
A31: 28 | B31: TR351434 | C31: KS-870163 | D31: =SUM(F31:AL31) -> 0 | AM31: =SUMIF('Nhập kho 입'!A:A,'gia công'!B:B,'Nhập kho 입'!E:E) -> 0 | AN31: =+D31-AM31 -> 0
A32: 29 | B32: TR355918 | C32: KS-881300 | D32: =SUM(F32:AL32) -> 15000 | L32: 1000 | Q32: 2000 | R32: 2000 | S32: 2000 | U32: =2000+2000 -> 4000 | X32: =2000+2000 -> 4000 | AM32: =SUMIF('Nhập kho 입'!A:A,'gia công'!B:B,'Nhập kho 입'!E:E) -> 23450 | AN32: =+D32-AM32+AO32 -> -8450
A33: 30 | B33: TR353125 | C33: KS-8809 | D33: =SUM(F33:AL33) -> 0 | AM33: =SUMIF('Nhập kho 입'!A:A,'gia công'!B:B,'Nhập kho 입'!E:E) -> 7850 | AN33: =+D33-AM33+AO33 -> -7850
A34: 31 | B34: TR354279 | C34: KS-880373 | D34: =SUM(F34:AL34) -> 0 | AM34: =SUMIF('Nhập kho 입'!A:A,'gia công'!B:B,'Nhập kho 입'!E:E) -> 0 | AN34: =+D34-AM34 -> 0
C35: =+D35+E35 -> 246130 | D35: =SUM(D3:D34) -> 217330 | E35: =SUM(E3:E34) -> 28800 | F35: =SUM(F3:F34) -> 19200 | G35: =SUM(G3:G34) -> 7200 | H35: =SUM(H3:H34) -> 9600 | I35: =SUM(I3:I34) -> 0 | J35: =SUM(J3:J34) -> 8400 | K35: =SUM(K3:K34) -> 20310 | ... AL35: =SUM(AL3:AL34) -> 0 | AM35: =SUM(AM3:AM34)-AM10-AM32-AM33 -> 242430 | AN35: =SUM(AN3:AN34)-AN10 -> -56400 | AO35: =SUM(AO3:AO34)-AO10 -> 0
A37: Stt | B37: Xuất NVL Đóng gói T08 | C37: Tên | D37: TT | E37: =DATE(2026,$D$1,1) -> 46296 | F37: =+E37+1 -> 46297 | G37: =+F37+1 -> 46298 | H37: =+G37+1 -> 46299 | I37: =+H37+1 -> 46300 | J37: =+I37+1 -> 46301 | K37: =+J37+1 -> 46302 | L37: =+K37+1 -> 46303 | M37: =+L37+1 -> 46304 | ... AL37: =+AK37+1 -> 46329
A38: 1 | C38: M50 /1001 | D38: =SUM(E38:AL38) -> 1250 | E38: 500 | J38: 750
A39: 2 | C39: S50 /1002 | D39: =SUM(E39:AL39) -> 1690 | K39: 700 | P39: 510 | S39: 480
A40: 3 | C40: Tấm lót thùng | D40: =SUM(E40:AL40) -> 0
A41: 4 | C41: Nắp pallet | D41: =SUM(E41:AL41) -> 0
A42: 5 | C42: Pallet 1m1 | D42: =SUM(E42:AL42) -> 0
A43: 6 | C43: Pallet 1m3 | D43: =SUM(E43:AL43) -> 20 | G43: 5 | P43: 15
A44: 7 | C44: Túi bóng ( kg) | D44: =SUM(E44:AL44) -> 0
C47: Nhập
C48: Stt | D48: TT | E48: tồn đầu | F48: =DATE(2026,$D$1,1) -> 46296 | G48: =F48+1 -> 46297 | H48: =G48+1 -> 46298 | K48: =H48+1 -> 46299 | L48: =K48+1 -> 46300 | N48: =L48+1 -> 46301 | P48: =N48+1 -> 46302 | Q48: =P48+1 -> 46303 | R48: =Q48+1 -> 46304 | S48: =R48+1 -> 46305 | T48: =S48+1 -> 46306 | U48: =T48+1 -> 46307 | V48: =U48+1 -> 46308 | W48: =V48+1 -> 46309 | X48: =W48+1 -> 46310 | Z48: =X48+1 -> 46311 | AA48: =Z48+1 -> 46312 | AB48: =AA48+1 -> 46313 | AC48: =AB48+1 -> 46314 | AD48: =AC48+1 -> 46315 | AF48: =AD48+1 -> 46316 | AG48: =AF48+1 -> 46317 | AI48: =AG48+1 -> 46318 | AJ48: =AI48+1 -> 46319 | AK48: =AJ48+1 -> 46320 | AL48: =AK48+1 -> 46321
C49: 1 | D49: =SUM(E49:AL49) -> 44074 | E49: =2000+42074 -> 44074
C50: 2 | D50: =SUM(E50:AL50) -> 0
C52: Xuất
C53: Stt | D53: TT | E53: Đã xuất | F53: =DATE(2026,$D$1,1) -> 46296 | G53: =F53+1 -> 46297 | H53: =G53+1 -> 46298 | K53: =H53+1 -> 46299 | L53: =K53+1 -> 46300 | N53: =L53+1 -> 46301 | P53: =N53+1 -> 46302 | Q53: =P53+1 -> 46303 | R53: =Q53+1 -> 46304 | S53: =R53+1 -> 46305 | T53: =S53+1 -> 46306 | U53: =T53+1 -> 46307 | V53: =U53+1 -> 46308 | W53: =V53+1 -> 46309 | X53: =W53+1 -> 46310 | Z53: =X53+1 -> 46311 | AA53: =Z53+1 -> 46312 | AB53: =AA53+1 -> 46313 | AC53: =AB53+1 -> 46314 | AD53: =AC53+1 -> 46315 | AF53: =AD53+1 -> 46316 | AG53: =AF53+1 -> 46317 | AI53: =AG53+1 -> 46318 | AJ53: =AI53+1 -> 46319 | AK53: =AJ53+1 -> 46320 | AL53: =AK53+1 -> 46321
C54: 1 | D54: =SUM(E54:AL54) -> 41674 | E54: 33674 | R54: 8000
C55: 2 | D55: =SUM(E55:AL55) -> 0
B57: Tên | C57: Nhập | D57: Tồn OK
B58: Reuse Tray | C58: =+$D$49 -> 44074 | D58: =+C58-#REF! -> #REF!
C62: Item | D62: ERP | E62: XUẤT | F62: TỒN | G62: THIẾU
E63: 7200 | F63: =+'Tổng,SUMMARY'!$Q$160 -> 8550 | G63: =+F63-E63 -> 1350 | H63: 2pl
E64: 7200 | F64: =+'Tổng,SUMMARY'!$Q$193 -> 8250 | G64: =+F64-E64 -> 1050 | H64: 1pl
E65: 11400 | F65: =+'Tổng,SUMMARY'!$Q$228 -> 0 | G65: =+F65-E65 -> -11400
E66: 18000 | F66: =+'Tổng,SUMMARY'!$Q$233 -> 4900 | G66: =+F66-E66 -> -13100
C67: TỔNG | E67: =SUM(E63:E66) -> 43800 | G67: =SUM(G63:G66) -> -22100
C70: Item | D70: ERP | E70: XUẤT | F70: TỒN | G70: THIẾU
F71: =+'Tổng,SUMMARY'!$Q$178 -> 24750 | G71: =+F71-E71 -> 24750 | H71: 1pl
F72: =+'Tổng,SUMMARY'!$Q$241 -> 7950 | G72: =+F72-E72 -> 7950
F73: =+'Tổng,SUMMARY'!$Q$227 -> 1250 | G73: =+F73-E73 -> 1250
F74: =+'Tổng,SUMMARY'!$Q$265 -> 11100 | G74: =+F74-E74 -> 11100
F75: =+'Tổng,SUMMARY'!$Q$243 -> 9850 | G75: =+F75-E75 -> 9850
F76: =+'Tổng,SUMMARY'!$Q$130 -> 13600 | G76: =+F76-E76 -> 13600 | H76: 1pl
C77: TỔNG | E77: =SUM(E71:E76) -> 0 | G77: =SUM(G71:G76) -> 68500
